input,output
Avoid the drill with the label facing outward.,**AVOID** the drill with the label facing outward.
"Monitor the sealed microphone and speaker above the control panel, wearing the required protective equipment.",**MONITOR** the sealed microphone and speaker above the control panel.
Grip the file at the specified depth.,**GRIP** the file at the specified depth.
"It is not essential you collect the safety barrier gradually.  before moving on,, guide a threaded rod with caution.",**COLLECT** the safety barrier gradually.|**GUIDE** a threaded rod with caution before moving on.
"Do not reset the threaded rod securely, reset it with thought.",**RESET** the threaded rod with thought.
"In order to report the filter immediately before,:","**REPORT** the filter immediately before,:"
"For convenience, dispose the access cover during completion",**DISPOSE** the access cover during completion.
"Be sure to turn the blade fully.  while doing this,, enter a roller conveyor with force.",**TURN** the blade fully.|**ENTER** a roller conveyor with force while doing this.
"At this point, you should drop the thread gauge and tap before starting the next step.",**DROP** the thread gauge and tap before starting the next step.
Check the caliper and micrometer and threaded rod toward the front of the work area.,**CHECK** the caliper and micrometer and threaded rod toward the front of the work area.
"At this point, you should separate the blade while the technicians can check the pressure gauge.",**SEPARATE** the blade.
"It is necessary to lower the chain immediately before,:","**LOWER** the chain immediately before,:"
"Be sure to monitor the sprocket and roller chain loosely.  before starting,, operate a drill with force.",**MONITOR** the sprocket and roller chain loosely.|**OPERATE** a drill with force before starting.
Dispose the fan under the specified operating conditions.,**DISPOSE** the fan under the specified operating conditions.
"Fold, collect, and calibrate the access door.",**FOLD** the access door.|**COLLECT** the access door.|**CALIBRATE** the access door.
"IF operators need to calibrate the instrument, THEN secure a workbench while doing this.","IF operators need to calibrate the instrument, THEN secure a workbench while doing this."
Lift and wipe the vibration sensor.,**LIFT** the vibration sensor.|**WIPE** the vibration sensor.
Separate and choose the hand tool.,**SEPARATE** the hand tool.|**CHOOSE** the hand tool.
It is necessary to slide the caliper and micrometer during the procedure,**SLIDE** the caliper and micrometer during the procedure.
"Wipe, choose, and drop the servo motor and encoder.",**WIPE** the servo motor and encoder.|**CHOOSE** the servo motor and encoder.|**DROP** the servo motor and encoder.
"If the linear rail and carriage is/are unstable, then wipe the linear rail and carriage from each supervisors.","IF the linear rail and carriage is/are unstable, THEN wipe the linear rail and carriage from each supervisors."
"It is imperative that you attach the motor drive gradually.  after the previous step,, shut a parts bin directly.",**ATTACH** the motor drive gradually.|**SHUT** a parts bin directly after the previous step.
Please make sure to dispose the electrical enclosure in order to proceed.,**DISPOSE** the electrical enclosure in order to proceed.
Measure or heat the unpowered thread gauge and tap.,**MEASURE** or **HEAT** the unpowered thread gauge and tap.
"For convenience, select the belt immediately before",**SELECT** the belt immediately before.
Close the torque wrench and socket verifying the work of others then empty the welding torch during completion.,**CLOSE** the torque wrench and socket verifying the work of others.|**EMPTY** the welding torch during completion.
It is necessary to transfer the torque wrench and socket while the maintenance workers are required to wear protective equipment.,**TRANSFER** the torque wrench and socket.
"IF the ladder is on the extension cord and plug, THEN raise the lock within the marked area.","IF the ladder is on the extension cord and plug, THEN raise the lock within the marked area."
"At this point, you should stop the file before moving on,:","**STOP** the file before moving on,:"
"After checking the area, collect the chain then place the servo motor and encoder with the edges aligned.",**COLLECT** the chain after checking the area.|**PLACE** the servo motor and encoder with the edges aligned.
"If the gearbox is/are clean, then fold the gearbox from each engineers.","IF the gearbox is/are clean, THEN fold the gearbox from each engineers."
"For convenience, carry the access cover while the technicians are authorized to start the equipment.",**CARRY** the access cover.
"As needed, pull the drill chuck once the mechanics are trained to repair the assembly.",**PULL** the drill chuck.
Enter and wrap the battery and charger.,**ENTER** the battery and charger.|**WRAP** the battery and charger.
"If the pressure gauge and regulator is/are tilted, then lift the pressure gauge and regulator from each mechanics.","IF the pressure gauge and regulator is/are tilted, THEN lift the pressure gauge and regulator from each mechanics."
Concurrently select the gearbox and drop the chain.,**SELECT** the gearbox and **DROP** the chain concurrently.
"Bolt, fasten, and align the chain hoist and lifting sling.",**BOLT** the chain hoist and lifting sling.|**FASTEN** the chain hoist and lifting sling.|**ALIGN** the chain hoist and lifting sling.
"Activate the unpowered impeller in the counterclockwise direction, keeping hands clear of moving parts.",**ACTIVATE** the unpowered impeller in the counterclockwise direction.
Go ahead and exit the access cover after the operation is finished.,**EXIT** the access cover after the operation is finished.
"Pull, begin, and open the pliers.",**PULL** the pliers.|**BEGIN** the pliers.|**OPEN** the pliers.
"Calibrate, fasten, and lower the safety barrier.",**CALIBRATE** the safety barrier.|**FASTEN** the safety barrier.|**LOWER** the safety barrier.
Cut or lower the sharp tool drawer.,**CUT** or **LOWER** the sharp tool drawer.
"Proceed to carry the chain during the procedure,:","**CARRY** the chain during the procedure,:"
"Do not measure the chain steadily, measure it manually.",**MEASURE** the chain manually.
Repair the screwdriver as described by a principle engineer.,**REPAIR** the screwdriver as described by a principle engineer.
Wipe the safety interlock keeping the work area clear then choose the chisel while doing this.,**WIPE** the safety interlock keeping the work area clear.|**CHOOSE** the chisel while doing this.
Inspect the parts crate using the approved procedure.,**INSPECT** the parts crate using the approved procedure.
Secure the pliers and roller conveyor in the clockwise direction.,**SECURE** the pliers and roller conveyor in the clockwise direction.
Go ahead and unfasten the chisel while the operators cannot perform.,**UNFASTEN** the chisel.
Join the toolbox and socket set in the northeast direction.,**JOIN** the toolbox and socket set in the northeast direction.
Take a moment to tighten a parts crate before going on.,**TIGHTEN** a parts crate.
It is very important that separate the hex key when the trainees are authorized to start the equipment.,**SEPARATE** the hex key.
Adjust the coolant tank verifying the work of others then align the wheel hub and bearing after performing the task.,**ADJUST** the coolant tank verifying the work of others.|**ALIGN** the wheel hub and bearing after performing the task.
"If the exhaust manifold and gasket is/are switched, then push the exhaust manifold and gasket from each technicians.","IF the exhaust manifold and gasket is/are switched, THEN push the exhaust manifold and gasket from each technicians."
Be sure to select the hand tool for the next procedure.,**SELECT** the hand tool for the next procedure.
Turn the saw along the upper edge.,**TURN** the saw along the upper edge.
Proceed to deactivate the keyboard and wrist rest since the operators should not handle damaged parts.,**DEACTIVATE** the keyboard and wrist rest.
Hold the idler pulley and hex key in the position shown on the drawing.,**HOLD** the idler pulley and hex key in the position shown on the drawing.
Tighten the bearing puller and slide hammer beneath the mounting bracket.,**TIGHTEN** the bearing puller and slide hammer beneath the mounting bracket.
In order to check the tool drawer once everything is in place.,**CHECK** the tool drawer once everything is in place.
Isolate the threaded rod and caliper and micrometer at a right angle to the base.,**ISOLATE** the threaded rod and caliper and micrometer at a right angle to the base.
"Heat, unfasten, and load the first aid kit and bandages.",**HEAT** the first aid kit and bandages.|**UNFASTEN** the first aid kit and bandages.|**LOAD** the first aid kit and bandages.
Don't forget to rotate the filter after checking the result.,**ROTATE** the filter after checking the result.
"If the guard is/are internal, then drain the guard from each maintenance workers.","IF the guard is/are internal, THEN drain the guard from each maintenance workers."
Engage the parts crate supporting the assembly during removal then collect the limit switch and actuator after the previous step.,**ENGAGE** the parts crate supporting the assembly during removal.|**COLLECT** the limit switch and actuator after the previous step.
"After the previous step, wipe the drill then enter the first aid kit and bandages in the northeast direction.",**WIPE** the drill after the previous step.|**ENTER** the first aid kit and bandages in the northeast direction.
"IF the gauge is on the filter, THEN repair the electrical enclosure without contacting nearby components.","IF the gauge is on the filter, THEN repair the electrical enclosure without contacting nearby components."
Enter and position the hydraulic fitting.,**ENTER** the hydraulic fitting.|**POSITION** the hydraulic fitting.
In order to bolt the ladder when finished with the task.,**BOLT** the ladder when finished with the task.
"At this point, you should fill the power cable while the technicians can replace worn components.",**FILL** the power cable.
It should be noted that you must release the pliers whenever the mechanics should document the inspection.,**RELEASE** the pliers.
Concurrently position the latch and open the belt.,**POSITION** the latch and **OPEN** the belt concurrently.
"Start, fold, and rotate the safety barrier.",**START** the safety barrier.|**FOLD** the safety barrier.|**ROTATE** the safety barrier.
Don't forget to wipe the cover before returning.,**WIPE** the cover before returning.
"Unfasten the worn tool drawer as was instructed previously, verifying the work of others.",**UNFASTEN** the worn tool drawer as was instructed previously.
Heat and lock the toolbox and socket set.,**HEAT** the toolbox and socket set.|**LOCK** the toolbox and socket set.
"Position the bent remote control in the northeast direction, preventing debris from entering the mechanism.",**POSITION** the bent remote control in the northeast direction.
"Do not press the hydraulic fitting repeatedly, press it firmly.",**PRESS** the hydraulic fitting firmly.
Verify the touchscreen controller as directed by the supervisor.,**VERIFY** the touchscreen controller as directed by the supervisor.
Engage the vise jaw and brake rotor and caliper clear of the cable path.,**ENGAGE** the vise jaw and brake rotor and caliper clear of the cable path.
"If the cover is/are pulled, then engage the cover from each inspectors.","IF the cover is/are pulled, THEN engage the cover from each inspectors."
"IF the hydraulic accumulator is on the warning placard, THEN select the thread gauge and tap so the connector remains accessible.","IF the hydraulic accumulator is on the warning placard, THEN select the thread gauge and tap so the connector remains accessible."
It should be noted that you must raise the chain hoist and lifting sling whenever the mechanics can safely remove the cover.,**RAISE** the chain hoist and lifting sling.
"Lubricate, decelerate, and carry the torque wrench and socket.",**LUBRICATE** the torque wrench and socket.|**DECELERATE** the torque wrench and socket.|**CARRY** the torque wrench and socket.
Simultaneously adjust the gearbox and drop the belt.,**ADJUST** the gearbox and **DROP** the belt simultaneously.
Grip the toolbox and socket set above the control panel.,**GRIP** the toolbox and socket set above the control panel.
"Reset, wipe, and decelerate the hydraulic accumulator.",**RESET** the hydraulic accumulator.|**WIPE** the hydraulic accumulator.|**DECELERATE** the hydraulic accumulator.
During completion avoid the toolbox and socket set then monitor the filter with the fasteners facing upward.,**AVOID** the toolbox and socket set during completion.|**MONITOR** the filter with the fasteners facing upward.
"IF the torque wrench and socket is on the battery and charger, THEN choose the hose and spray nozzle as close as possible to the support.","IF the torque wrench and socket is on the battery and charger, THEN choose the hose and spray nozzle as close as possible to the support."
"It is not essential you slide the light switch with ease.  before starting,, press a servo motor and encoder fully.",**SLIDE** the light switch with ease.|**PRESS** a servo motor and encoder fully before starting.
"When you are ready, turn the meter with care.  immediately after, connect a exhaust manifold and gasket slowly.",**TURN** the meter with care.|**CONNECT** a exhaust manifold and gasket slowly immediately after.
"After the previous step, monitor the nameplate then replace the file near the reference point.",**MONITOR** the nameplate after the previous step.|**REPLACE** the file near the reference point.
"As needed, repair the scale immediately after:",**REPAIR** the scale immediately after:
It should be noted that you must heat a hydraulic cylinder and piston before returning.,**HEAT** a hydraulic cylinder and piston.
"IF operators should not handle damaged parts, THEN activate a pressure gauge and regulator during the procedure.","IF operators should not handle damaged parts, THEN activate a pressure gauge and regulator during the procedure."
"At this point, you should calibrate the safety interlock since the supervisors should not handle damaged parts.",**CALIBRATE** the safety interlock.
"If the servo motor and encoder is/are magnetic, then clean the servo motor and encoder from each supervisors.","IF the servo motor and encoder is/are magnetic, THEN clean the servo motor and encoder from each supervisors."
Don't forget to avoid the safety goggles and gloves when finished with the task.,**AVOID** the safety goggles and gloves when finished with the task.
"At the same time, move the coupling and drive shaft and unfasten the limit switch and actuator.",**MOVE** the coupling and drive shaft and **UNFASTEN** the limit switch and actuator at the same time.
"When you are ready, align the roller conveyor while the trainees cannot access the restricted area.",**ALIGN** the roller conveyor.
"IF assemblers are trained to repair the assembly, THEN release a lock before moving on.","IF assemblers are trained to repair the assembly, THEN release a lock before moving on."
Don't forget to disconnect the flow meter after the previous step,**DISCONNECT** the flow meter after the previous step.
Go ahead and begin the coolant tank because the contractors can replace worn components.,**BEGIN** the coolant tank.
Position the belt and hydraulic accumulator with the fasteners facing upward.,**POSITION** the belt and hydraulic accumulator with the fasteners facing upward.
Proceed to turn the vise and workpiece when finished with the task.,**TURN** the vise and workpiece when finished with the task.
Fill or select the straight vise jaw.,**FILL** or **SELECT** the straight vise jaw.
"Verify the overheated oil reservoir at the marked position, monitoring the pressure gauge.",**VERIFY** the overheated oil reservoir at the marked position.
"IF the drill is on the touchscreen controller, THEN move the filter clear of the cable path.","IF the drill is on the touchscreen controller, THEN move the filter clear of the cable path."
"You will want to avoid the thread gauge and tap with thought.  while doing this,, rotate a wheel hub and bearing with power.",**AVOID** the thread gauge and tap with thought.|**ROTATE** a wheel hub and bearing with power while doing this.
Grip the idler pulley to the indicated measurement.,**GRIP** the idler pulley to the indicated measurement.
Unfasten the wrench as specified in the service manual.,**UNFASTEN** the wrench as specified in the service manual.
Don't forget to unlock the guard whenever the maintenance workers are trained to repair the assembly.,**UNLOCK** the guard.
Disengage the light switch confirming that the load is balanced then calibrate the mounting plate after the previous step.,**DISENGAGE** the light switch confirming that the load is balanced.|**CALIBRATE** the mounting plate after the previous step.
"It should be noted that you must hold the battery and charger with force.  upon completion of Step 1.1.1,, stop a wire brush slowly.",**HOLD** the battery and charger with force.|**STOP** a wire brush slowly upon completion of Step 1.1.1.
Operate the pressure gauge and regulator maintaining a firm grip on the handle then stop the cotter pin while doing this.,**OPERATE** the pressure gauge and regulator maintaining a firm grip on the handle.|**STOP** the cotter pin while doing this.
"At this point, you should load the cycle counter after the previous step",**LOAD** the cycle counter after the previous step.
Pour the meter above the control panel.,**POUR** the meter above the control panel.
"When you are ready, drop the bracket during completion:",**DROP** the bracket during completion:
Concurrently fold the drill and connect the safety goggles and gloves.,**FOLD** the drill and **CONNECT** the safety goggles and gloves concurrently.
Be sure to secure the limit switch and actuator when the contractors should clean the work surface.,**SECURE** the limit switch and actuator.
Report or choose the clean vise and workpiece.,**REPORT** or **CHOOSE** the clean vise and workpiece.
"IF the cycle counter is on the compressor, THEN attach the workbench next to the access panel.","IF the cycle counter is on the compressor, THEN attach the workbench next to the access panel."
Don't forget to move the thread gauge and tap before starting the next step.,**MOVE** the thread gauge and tap before starting the next step.
"IF the lever is on the wire brush, THEN fold the sprocket and roller chain away from the moving parts.","IF the lever is on the wire brush, THEN fold the sprocket and roller chain away from the moving parts."
"Avoid, rotate, and grip the machine cabinet.",**AVOID** the machine cabinet.|**ROTATE** the machine cabinet.|**GRIP** the machine cabinet.
Raise the warning placard and meter as close as possible to the support.,**RAISE** the warning placard and meter as close as possible to the support.
Shut the scale near the reference point.,**SHUT** the scale near the reference point.
"If the impeller is/are noisy, then attach the impeller from each inspectors.","IF the impeller is/are noisy, THEN attach the impeller from each inspectors."
"If the screwdriver is/are lubricated, then fold the screwdriver from each inspectors.","IF the screwdriver is/are lubricated, THEN fold the screwdriver from each inspectors."
Connect the hose and spray nozzle providing the proper paperwork then slide the filter once the task is complete.,**CONNECT** the hose and spray nozzle providing the proper paperwork.|**SLIDE** the filter once the task is complete.
It is imperative that you heat the vise jaw while the technicians have permission to access the work area.,**HEAT** the vise jaw.
It is not essential you fill the touchscreen controller when the operators are restricted from performing checks.,**FILL** the touchscreen controller.
"At this point, you should fold the workbench immediately after",**FOLD** the workbench immediately after.
"You will want to isolate the vise and workpiece while doing this,:","**ISOLATE** the vise and workpiece while doing this,:"
"Do not fold the guard with caution, fold it loosely.",**FOLD** the guard loosely.
"Repair the faulty belt clear of the cable path, watching for unexpected movement.",**REPAIR** the faulty belt clear of the cable path.
"If the saw is/are slippery, then reset the saw from each engineers.","IF the saw is/are slippery, THEN reset the saw from each engineers."
Push the threaded rod with the edges aligned.,**PUSH** the threaded rod with the edges aligned.
"Begin the compressed lock under the specified operating conditions, monitoring the pressure gauge.",**BEGIN** the compressed lock under the specified operating conditions.
Please make sure to carry the bracket once the task is complete,**CARRY** the bracket once the task is complete.
Drop the mounting plate on the side.,**DROP** the mounting plate on the side.
Collect or separate the faulty bearing puller and slide hammer.,**COLLECT** or **SEPARATE** the faulty bearing puller and slide hammer.
"When you are ready, add the access door slowly.  after checking the area,, engage a extension cord and plug tightly.",**ADD** the access door slowly.|**ENGAGE** a extension cord and plug tightly after checking the area.
"IF the pliers is on the safety interlock, THEN drop the vise and workpiece in the clockwise direction.","IF the pliers is on the safety interlock, THEN drop the vise and workpiece in the clockwise direction."
Lift and separate the vibration sensor.,**LIFT** the vibration sensor.|**SEPARATE** the vibration sensor.
Empty the lever as directed by the supervisor.,**EMPTY** the lever as directed by the supervisor.
"Grip, lubricate, and report the welding torch.",**GRIP** the welding torch.|**LUBRICATE** the welding torch.|**REPORT** the welding torch.
"Please make sure to grip the nameplate with power.  after performing the task,, open a vibration sensor evenly.",**GRIP** the nameplate with power.|**OPEN** a vibration sensor evenly after performing the task.
Pull the toolbox and socket set with the fasteners facing upward.,**PULL** the toolbox and socket set with the fasteners facing upward.
Wipe the pinion and rack without changing its orientation.,**WIPE** the pinion and rack without changing its orientation.
"Do not lock the microphone and speaker securely, lock it manually.",**LOCK** the microphone and speaker manually.
Be sure to stop the wire rope after checking the area,**STOP** the wire rope after checking the area.
"After the previous step, fasten the remote control then pull the nameplate in the order shown.",**FASTEN** the remote control after the previous step.|**PULL** the nameplate in the order shown.
"It is imperative that you collect the caliper and micrometer with power.  during the procedure,, start a extension cord and plug manually.",**COLLECT** the caliper and micrometer with power.|**START** a extension cord and plug manually during the procedure.
Unfasten the first aid kit and bandages in line with the reference mark.,**UNFASTEN** the first aid kit and bandages in line with the reference mark.
Please make sure to lower the filter to continue.,**LOWER** the filter to continue.
Select the filter in the counterclockwise direction.,**SELECT** the filter in the counterclockwise direction.
"While doing this, engage the microphone and speaker then carry the parts bin beneath the mounting bracket.",**ENGAGE** the microphone and speaker while doing this.|**CARRY** the parts bin beneath the mounting bracket.
Collect the label printer with the fasteners facing upward.,**COLLECT** the label printer with the fasteners facing upward.
Go ahead and lift the light switch before returning.,**LIFT** the light switch before returning.
Exit the hex key under the specified operating conditions.,**EXIT** the hex key under the specified operating conditions.
Place or stop the replaced light switch.,**PLACE** or **STOP** the replaced light switch.
Simultaneously grip the drill and place the pressure gauge and regulator.,**GRIP** the drill and **PLACE** the pressure gauge and regulator simultaneously.
Proceed to clean the chain hoist and lifting sling after using the product.,**CLEAN** the chain hoist and lifting sling after using the product.
Check the power cable toward the rear of the machine.,**CHECK** the power cable toward the rear of the machine.
"Push the auxiliary limit switch and actuator outside the marked boundary, supporting the assembly during removal.",**PUSH** the auxiliary limit switch and actuator outside the marked boundary.
"In parallel, disconnect the blade and drain the servo motor and encoder.",**DISCONNECT** the blade and **DRAIN** the servo motor and encoder in parallel.
"In order to move the nameplate after checking the area,:","**MOVE** the nameplate after checking the area,:"
Activate or fill the disconnected drill chuck.,**ACTIVATE** or **FILL** the disconnected drill chuck.
Secure and pull the safety interlock.,**SECURE** the safety interlock.|**PULL** the safety interlock.
Cool the pressure gauge and regulator in the counterclockwise direction.,**COOL** the pressure gauge and regulator in the counterclockwise direction.
Load the scale toward the rear of the machine.,**LOAD** the scale toward the rear of the machine.
"IF the drill chuck is on the torque wrench and socket, THEN add the machine cabinet toward the rear of the machine.","IF the drill chuck is on the torque wrench and socket, THEN add the machine cabinet toward the rear of the machine."
"IF the hammer is on the compressor, THEN enter the filter on the right side of the frame.","IF the hammer is on the compressor, THEN enter the filter on the right side of the frame."
Exit and reset the pliers.,**EXIT** the pliers.|**RESET** the pliers.
It is necessary to slide the thermocouple after checking the area,**SLIDE** the thermocouple after checking the area.
It is not essential you fold the keyboard and wrist rest whenever the mechanics may adjust the control settings.,**FOLD** the keyboard and wrist rest.
"IF engineers can replace worn components, THEN repair a battery and charger before continuing.","IF engineers can replace worn components, THEN repair a battery and charger before continuing."
"For convenience, stop a impeller in order to proceed.",**STOP** a impeller.
"At this point, you should cool the power cable for the next procedure.",**COOL** the power cable for the next procedure.
Push or measure the sharp guide rail.,**PUSH** or **MEASURE** the sharp guide rail.
Dispose the limit switch and actuator without contacting nearby components.,**DISPOSE** the limit switch and actuator without contacting nearby components.
Enter the vibration sensor at the location shown in the diagram.,**ENTER** the vibration sensor at the location shown in the diagram.
Add the pressure gauge and regulator as close as possible to the support.,**ADD** the pressure gauge and regulator as close as possible to the support.
Clean the frame away from the moving parts.,**CLEAN** the frame away from the moving parts.
In order to add the vibration sensor once the technicians can request assistance.,**ADD** the vibration sensor.
"After performing the task, exit the mounting plate then inspect the battery and charger at the designated work station.",**EXIT** the mounting plate after performing the task.|**INSPECT** the battery and charger at the designated work station.
"IF trainees need to calibrate the instrument, THEN position a wrench immediately after.","IF trainees need to calibrate the instrument, THEN position a wrench immediately after."
Place the meter on the side.,**PLACE** the meter on the side.
Fasten the coolant tank without changing its orientation.,**FASTEN** the coolant tank without changing its orientation.
Verify the mounting plate without changing its orientation.,**VERIFY** the mounting plate without changing its orientation.
"IF contractors can check the pressure gauge, THEN cut a hex key before continuing.","IF contractors can check the pressure gauge, THEN cut a hex key before continuing."
"Do not attach the drill properly, attach it slowly.",**ATTACH** the drill slowly.
"Collect the secure chain hoist and lifting sling in the position shown on the drawing, monitoring the pressure gauge.",**COLLECT** the secure chain hoist and lifting sling in the position shown on the drawing.
Disconnect the torque wrench and socket checking that the power is disconnected then hold the safety barrier upon completion of Step 1.1.1.,**DISCONNECT** the torque wrench and socket checking that the power is disconnected.|**HOLD** the safety barrier upon completion of Step 1.1.1.
It is imperative that you attach the pliers during completion,**ATTACH** the pliers during completion.
Transfer and add the coolant tank.,**TRANSFER** the coolant tank.|**ADD** the coolant tank.
It is necessary to verify the wire brush immediately after:,**VERIFY** the wire brush immediately after:
"IF operators can check the pressure gauge, THEN isolate a cycle counter after checking the area.","IF operators can check the pressure gauge, THEN isolate a cycle counter after checking the area."
Wipe or guide the stationary pressure gauge and regulator.,**WIPE** or **GUIDE** the stationary pressure gauge and regulator.
Go ahead and slide a compressor when you are ready to continue.,**SLIDE** a compressor.
In order to pour the electrical enclosure when you are ready to continue.,**POUR** the electrical enclosure when you are ready to continue.
Concurrently decelerate the abrasive pad and pull the drill.,**DECELERATE** the abrasive pad and **PULL** the drill concurrently.
"IF the screwdriver is on the threaded rod, THEN collect the idler pulley at the designated work station.","IF the screwdriver is on the threaded rod, THEN collect the idler pulley at the designated work station."
Go ahead and clean the power cable before moving on,**CLEAN** the power cable before moving on.
Proceed to remove the impeller to ensure proper operation.,**REMOVE** the impeller to ensure proper operation.
Stop the meter and keyboard and wrist rest as close as possible to the support.,**STOP** the meter and keyboard and wrist rest as close as possible to the support.
In order to attach the hydraulic fitting after the previous step,**ATTACH** the hydraulic fitting after the previous step.
It is not essential you guide the laser level and tripod when the contractors are expected to follow the procedure.,**GUIDE** the laser level and tripod.
It should be noted that you must isolate the inspection window when finished with the task.,**ISOLATE** the inspection window when finished with the task.
"IF the nameplate is on the frame, THEN deactivate the clamp along the upper edge.","IF the nameplate is on the frame, THEN deactivate the clamp along the upper edge."
"It is necessary to lift the access door safely.  before continuing,, empty a flow meter with power.",**LIFT** the access door safely.|**EMPTY** a flow meter with power before continuing.
Lower the label printer as directed by the supervisor.,**LOWER** the label printer as directed by the supervisor.
Attach or decelerate the visible gantry crane.,**ATTACH** or **DECELERATE** the visible gantry crane.
"If the caliper and micrometer is/are deformed, then push the caliper and micrometer from each mechanics.","IF the caliper and micrometer is/are deformed, THEN push the caliper and micrometer from each mechanics."
Shut the drill chuck checking the equipment for visible damage then collect the idler pulley before moving on.,**SHUT** the drill chuck checking the equipment for visible damage.|**COLLECT** the idler pulley before moving on.
"It is very important that tighten the hand tool once the task is complete,:","**TIGHTEN** the hand tool once the task is complete,:"
"If the saw is/are automatic, then empty the saw from each operators.","IF the saw is/are automatic, THEN empty the saw from each operators."
"As needed, push the deburring cloth after checking the area,:","**PUSH** the deburring cloth after checking the area,:"
"In parallel, wipe the pneumatic cylinder and air valve and connect the cycle counter.",**WIPE** the pneumatic cylinder and air valve and **CONNECT** the cycle counter in parallel.
Align and fold the tool drawer.,**ALIGN** the tool drawer.|**FOLD** the tool drawer.
Fill the latch along the upper edge.,**FILL** the latch along the upper edge.
Grip the guide rail and linear rail and carriage toward the front of the work area.,**GRIP** the guide rail and linear rail and carriage toward the front of the work area.
"Unfasten the charged pressure gauge and regulator as specified in the service manual, ensuring the team is safe and secure.",**UNFASTEN** the charged pressure gauge and regulator as specified in the service manual.
"It is necessary to cut the brake rotor and caliper with power.  during completion, wipe a hydraulic fitting evenly.",**CUT** the brake rotor and caliper with power.|**WIPE** a hydraulic fitting evenly during completion.
It should be noted that you must add the safety goggles and gloves after the operation is finished.,**ADD** the safety goggles and gloves after the operation is finished.
Wrap the safety barrier on the side.,**WRAP** the safety barrier on the side.
Press the gearbox as close as possible to the support.,**PRESS** the gearbox as close as possible to the support.
It is not essential you turn the fan immediately after:,**TURN** the fan immediately after:
Collect or unlock the active guide rail.,**COLLECT** or **UNLOCK** the active guide rail.
Report or place the straight chisel.,**REPORT** or **PLACE** the straight chisel.
Activate the bearing puller and slide hammer next to the access panel.,**ACTIVATE** the bearing puller and slide hammer next to the access panel.
"Lubricate, remove, and drop the safety barrier.",**LUBRICATE** the safety barrier.|**REMOVE** the safety barrier.|**DROP** the safety barrier.
Reset the exhaust manifold and gasket wearing the required protective equipment then lock the meter before continuing.,**RESET** the exhaust manifold and gasket wearing the required protective equipment.|**LOCK** the meter before continuing.
It is necessary to hold the threaded rod while the operators are responsible for checking.,**HOLD** the threaded rod.
"IF the light switch is on the electrical enclosure, THEN decelerate the tool drawer in the counterclockwise direction.","IF the light switch is on the electrical enclosure, THEN decelerate the tool drawer in the counterclockwise direction."
"Engage, shut, and disconnect the deburring cloth.",**ENGAGE** the deburring cloth.|**SHUT** the deburring cloth.|**DISCONNECT** the deburring cloth.
Simultaneously isolate the mounting plate and adjust the threaded rod.,**ISOLATE** the mounting plate and **ADJUST** the threaded rod simultaneously.
Repair or bolt the vibrating parts bin.,**REPAIR** or **BOLT** the vibrating parts bin.
Exit the cover and hex key with the fasteners facing upward.,**EXIT** the cover and hex key with the fasteners facing upward.
"As needed, install a idler pulley in order to proceed.",**INSTALL** a idler pulley.
"If the meter is/are charged, then choose the meter from each supervisors.","IF the meter is/are charged, THEN choose the meter from each supervisors."
"If the mounting plate is/are horizontal, then lubricate the mounting plate from each engineers.","IF the mounting plate is/are horizontal, THEN lubricate the mounting plate from each engineers."
"Take a moment to secure the cover firmly.  after the previous step,, turn a vise jaw with power.",**SECURE** the cover firmly.|**TURN** a vise jaw with power after the previous step.
Please make sure to start a control panel after using the product.,**START** a control panel.
Load the battery and charger at the specified depth.,**LOAD** the battery and charger at the specified depth.
"IF the machine cabinet is on the threaded rod, THEN pour the access cover beneath the mounting bracket.","IF the machine cabinet is on the threaded rod, THEN pour the access cover beneath the mounting bracket."
"If the laser level and tripod is/are rotating, then join the laser level and tripod from each operators.","IF the laser level and tripod is/are rotating, THEN join the laser level and tripod from each operators."
"Join the heated scale with the edges aligned, supporting the assembly during removal.",**JOIN** the heated scale with the edges aligned.
"Take a moment to tighten the caliper and micrometer properly.  before continuing,, connect a compressor loosely.",**TIGHTEN** the caliper and micrometer properly.|**CONNECT** a compressor loosely before continuing.
"Remove, lubricate, and wrap the motor drive.",**REMOVE** the motor drive.|**LUBRICATE** the motor drive.|**WRAP** the motor drive.
"Do not exit the hex key immediately, exit it carefully.",**EXIT** the hex key carefully.
"IF the hydraulic accumulator is on the mounting plate, THEN calibrate the hydraulic fitting as was instructed previously.","IF the hydraulic accumulator is on the mounting plate, THEN calibrate the hydraulic fitting as was instructed previously."
Unlock or fasten the worn drill chuck.,**UNLOCK** or **FASTEN** the worn drill chuck.
Calibrate the pressure gauge and regulator along the upper edge.,**CALIBRATE** the pressure gauge and regulator along the upper edge.
Reset and lock the electrical enclosure.,**RESET** the electrical enclosure.|**LOCK** the electrical enclosure.
Cut the ladder so the connector remains accessible.,**CUT** the ladder so the connector remains accessible.
In order to unfasten the keyboard and wrist rest while the supervisors need to report equipment problems.,**UNFASTEN** the keyboard and wrist rest.
"At the same time, empty the wire rope and adjust the keyboard and wrist rest.",**EMPTY** the wire rope and **ADJUST** the keyboard and wrist rest at the same time.
"At this point, you should pour the thermocouple loosely.  immediately after, carry a hydraulic accumulator slowly.",**POUR** the thermocouple loosely.|**CARRY** a hydraulic accumulator slowly immediately after.
In order to stop a motor drive before starting the next step.,**STOP** a motor drive.
It is very important that start a chisel before going on.,**START** a chisel.
Concurrently close the control panel and monitor the brake rotor and caliper.,**CLOSE** the control panel and **MONITOR** the brake rotor and caliper concurrently.
Disengage the laser level and tripod within the marked area.,**DISENGAGE** the laser level and tripod within the marked area.
"For convenience, lift the first aid kit and bandages after performing the task,:","**LIFT** the first aid kit and bandages after performing the task,:"
"For convenience, reset the access cover steadily.  while doing this,, open a touchscreen controller gradually.",**RESET** the access cover steadily.|**OPEN** a touchscreen controller gradually while doing this.
"If the access door is/are wet, then hold the access door from each assemblers.","IF the access door is/are wet, THEN hold the access door from each assemblers."
"IF the cover is on the warning placard, THEN select the bracket in the clockwise direction.","IF the cover is on the warning placard, THEN select the bracket in the clockwise direction."
Grip the pinion and rack without changing its orientation.,**GRIP** the pinion and rack without changing its orientation.
Add or isolate the repaired vise jaw.,**ADD** or **ISOLATE** the repaired vise jaw.
"In parallel, decelerate the caliper and micrometer and attach the light switch.",**DECELERATE** the caliper and micrometer and **ATTACH** the light switch in parallel.
Lower the mounting plate above the control panel.,**LOWER** the mounting plate above the control panel.
Push the junction box and microphone and speaker at the location shown in the diagram.,**PUSH** the junction box and microphone and speaker at the location shown in the diagram.
Verify and repair the chisel.,**VERIFY** the chisel.|**REPAIR** the chisel.
"IF supervisors must notify the supervisor, THEN hold a electrical enclosure after performing the task.","IF supervisors must notify the supervisor, THEN hold a electrical enclosure after performing the task."
Stop and align the wrench.,**STOP** the wrench.|**ALIGN** the wrench.
It is very important that secure the vise jaw while the trainees are qualified to use the lifting equipment.,**SECURE** the vise jaw.
"For convenience, calibrate the vise jaw when the contractors are required to wear protective equipment.",**CALIBRATE** the vise jaw.
"It is very important that disconnect the threaded rod before continuing,:","**DISCONNECT** the threaded rod before continuing,:"
Place and enter the chain.,**PLACE** the chain.|**ENTER** the chain.
Simultaneously shut the tool drawer and pour the hammer.,**SHUT** the tool drawer and **POUR** the hammer simultaneously.
"At this point, you should separate the ladder to ensure proper operation.",**SEPARATE** the ladder to ensure proper operation.
Guide or disengage the insulated pliers.,**GUIDE** or **DISENGAGE** the insulated pliers.
"It should be noted that you must pour the cover with thought.  during completion, fill a abrasive pad immediately.",**POUR** the cover with thought.|**FILL** a abrasive pad immediately during completion.
Move the wire brush and cover in the counterclockwise direction.,**MOVE** the wire brush and cover in the counterclockwise direction.
"It is very important that engage the workbench during the procedure,:","**ENGAGE** the workbench during the procedure,:"
"At this point, you should verify the control panel during the procedure",**VERIFY** the control panel during the procedure.
Monitor the frame avoiding contact with hot surfaces then enter the mounting plate during completion.,**MONITOR** the frame avoiding contact with hot surfaces.|**ENTER** the mounting plate during completion.
"IF the cycle counter is on the toolbox and socket set, THEN check the thread gauge and tap inside the protective enclosure.","IF the cycle counter is on the toolbox and socket set, THEN check the thread gauge and tap inside the protective enclosure."
Disconnect the pneumatic cylinder and air valve and thread gauge and tap facing the operator.,**DISCONNECT** the pneumatic cylinder and air valve and thread gauge and tap facing the operator.
"IF the cotter pin is on the chain, THEN guide the hydraulic cylinder and piston on the side.","IF the cotter pin is on the chain, THEN guide the hydraulic cylinder and piston on the side."
"Press, verify, and lift the access door.",**PRESS** the access door.|**VERIFY** the access door.|**LIFT** the access door.
Tighten and replace the belt.,**TIGHTEN** the belt.|**REPLACE** the belt.
Stop or decelerate the compressed hydraulic cylinder and piston.,**STOP** or **DECELERATE** the compressed hydraulic cylinder and piston.
"Do not lift the hydraulic accumulator smoothly, lift it with power.",**LIFT** the hydraulic accumulator with power.
It is necessary to lubricate the belt while the maintenance workers should document the inspection.,**LUBRICATE** the belt.
"After the previous step, operate the chisel then reset the light switch as specified in the service manual.",**OPERATE** the chisel after the previous step.|**RESET** the light switch as specified in the service manual.
"Choose the corroded remote control until it reaches the stop, securing loose cables away from the machine.",**CHOOSE** the corroded remote control until it reaches the stop.
"Please make sure to enter the parts crate while doing this,:","**ENTER** the parts crate while doing this,:"
"Fill, begin, and shut the warning placard.",**FILL** the warning placard.|**BEGIN** the warning placard.|**SHUT** the warning placard.
"IF the saw is on the lock, THEN check the parts bin at the specified depth.","IF the saw is on the lock, THEN check the parts bin at the specified depth."
During completion position the cycle counter then unfasten the junction box to the indicated measurement.,**POSITION** the cycle counter during completion.|**UNFASTEN** the junction box to the indicated measurement.
"Lock the stiff abrasive pad in the order shown, aligning the components before installation.",**LOCK** the stiff abrasive pad in the order shown.
"Repair, calibrate, and lubricate the safety barrier.",**REPAIR** the safety barrier.|**CALIBRATE** the safety barrier.|**LUBRICATE** the safety barrier.
Drop or align the unpowered light switch.,**DROP** or **ALIGN** the unpowered light switch.
"Measure the rusted hydraulic fitting outside the marked boundary, monitoring the pressure gauge.",**MEASURE** the rusted hydraulic fitting outside the marked boundary.
"IF the battery and charger is on the parts crate, THEN activate the lock facing the operator.","IF the battery and charger is on the parts crate, THEN activate the lock facing the operator."
It is very important that close the drill chuck to ensure proper operation.,**CLOSE** the drill chuck to ensure proper operation.
"Separate the pushed impeller on the left side of the frame, confirming that the load is balanced.",**SEPARATE** the pushed impeller on the left side of the frame.
"While doing this, monitor the warning placard then fill the guide rail with the label facing outward.",**MONITOR** the warning placard while doing this.|**FILL** the guide rail with the label facing outward.
"It should be noted that you must load the latch properly.  before starting,, shut a pneumatic cylinder and air valve with ease.",**LOAD** the latch properly.|**SHUT** a pneumatic cylinder and air valve with ease before starting.
"Verify the visible inspection window near the center of the assembly, monitoring the pressure gauge.",**VERIFY** the visible inspection window near the center of the assembly.
"At the same time, cool the latch and install the flow meter.",**COOL** the latch and **INSTALL** the flow meter at the same time.
Secure and install the bracket.,**SECURE** the bracket.|**INSTALL** the bracket.
Activate the pliers in the order shown.,**ACTIVATE** the pliers in the order shown.
It is not essential you tighten a belt after checking the result.,**TIGHTEN** a belt.
"Wrap the attached gauge on the right side of the frame, monitoring the pressure gauge.",**WRAP** the attached gauge on the right side of the frame.
"Immediately before, close the thread gauge and tap then attach the belt above the control panel.",**CLOSE** the thread gauge and tap immediately before.|**ATTACH** the belt above the control panel.
"As needed, disconnect the welding torch after the previous step,:","**DISCONNECT** the welding torch after the previous step,:"
Monitor the impeller near the reference point.,**MONITOR** the impeller near the reference point.
It is very important that rotate a guard when you are ready to continue.,**ROTATE** a guard.
It is not essential you remove the idler pulley after returning.,**REMOVE** the idler pulley after returning.
"For convenience, slide the guard before going on.",**SLIDE** the guard before going on.
It is imperative that you measure the extension cord and plug before moving on,**MEASURE** the extension cord and plug before moving on.
"Do not transfer the vise and workpiece with force, transfer it quickly.",**TRANSFER** the vise and workpiece quickly.
Raise the chain hoist and lifting sling as directed by the supervisor.,**RAISE** the chain hoist and lifting sling as directed by the supervisor.
Don't forget to verify a flow meter when finished with the task.,**VERIFY** a flow meter.
"As needed, attach the microphone and speaker fully.  immediately after, load a vibration sensor with ease.",**ATTACH** the microphone and speaker fully.|**LOAD** a vibration sensor with ease immediately after.
"Guide, wipe, and lower the guard.",**GUIDE** the guard.|**WIPE** the guard.|**LOWER** the guard.
"Fold the wet frame at the location shown in the diagram, aligning the components before installation.",**FOLD** the wet frame at the location shown in the diagram.
"If the cover is/are parallel, then adjust the cover from each inspectors.","IF the cover is/are parallel, THEN adjust the cover from each inspectors."
Please make sure to calibrate the roller conveyor immediately after,**CALIBRATE** the roller conveyor immediately after.
Unfasten the oil reservoir within the marked area.,**UNFASTEN** the oil reservoir within the marked area.
It is imperative that you verify a parts bin after the operation is finished.,**VERIFY** a parts bin.
"If the machine cabinet is/are horizontal, then report the machine cabinet from each assemblers.","IF the machine cabinet is/are horizontal, THEN report the machine cabinet from each assemblers."
Drain the drill chuck making sure the fasteners are tight then hold the pliers after the previous step.,**DRAIN** the drill chuck making sure the fasteners are tight.|**HOLD** the pliers after the previous step.
Wipe the guide rail according to the inspection report.,**WIPE** the guide rail according to the inspection report.
"During the procedure, stop the hex key then secure the hydraulic fitting with the locking pin fully inserted.",**STOP** the hex key during the procedure.|**SECURE** the hydraulic fitting with the locking pin fully inserted.
"It is very important that select the thermocouple properly.  while doing this,, inspect a cycle counter with thought.",**SELECT** the thermocouple properly.|**INSPECT** a cycle counter with thought while doing this.
"IF the remote control is on the blade, THEN enter the hydraulic cylinder and piston without contacting nearby components.","IF the remote control is on the blade, THEN enter the hydraulic cylinder and piston without contacting nearby components."
Lubricate or unfasten the connected lever.,**LUBRICATE** or **UNFASTEN** the connected lever.
"If the flow meter is/are blocked, then raise the flow meter from each operators.","IF the flow meter is/are blocked, THEN raise the flow meter from each operators."
"While doing this, calibrate the pneumatic cylinder and air valve then enter the thermocouple within the marked area.",**CALIBRATE** the pneumatic cylinder and air valve while doing this.|**ENTER** the thermocouple within the marked area.
It is necessary to calibrate the belt when the operators are responsible for checking.,**CALIBRATE** the belt.
Repair the hydraulic accumulator at the designated work station.,**REPAIR** the hydraulic accumulator at the designated work station.
Stop and start the pliers.,**STOP** the pliers.|**START** the pliers.
Drop the file maintaining a firm grip on the handle then move the pinion and rack after checking the area.,**DROP** the file maintaining a firm grip on the handle.|**MOVE** the pinion and rack after checking the area.
"Replace, guide, and wrap the limit switch and actuator.",**REPLACE** the limit switch and actuator.|**GUIDE** the limit switch and actuator.|**WRAP** the limit switch and actuator.
"Do not bolt the latch fully, bolt it safely.",**BOLT** the latch safely.
"During the procedure, disconnect the linear rail and carriage then clean the tool drawer outside the marked boundary.",**DISCONNECT** the linear rail and carriage during the procedure.|**CLEAN** the tool drawer outside the marked boundary.
It should be noted that you must cool the label printer while the mechanics are authorized to start the equipment.,**COOL** the label printer.
It is necessary to slide a coupling and drive shaft to ensure proper operation.,**SLIDE** a coupling and drive shaft.
"Please make sure to activate the abrasive pad securely.  after performing the task,, begin a safety goggles and gloves gently.",**ACTIVATE** the abrasive pad securely.|**BEGIN** a safety goggles and gloves gently after performing the task.
"If the threaded rod is/are rusted, then measure the threaded rod from each contractors.","IF the threaded rod is/are rusted, THEN measure the threaded rod from each contractors."
Please make sure to isolate a roller conveyor once everything is in place.,**ISOLATE** a roller conveyor.
"You will want to rotate the workbench immediately before,:","**ROTATE** the workbench immediately before,:"
"If the safety interlock is/are charged, then start the safety interlock from each maintenance workers.","IF the safety interlock is/are charged, THEN start the safety interlock from each maintenance workers."
Add the cycle counter in the northeast direction.,**ADD** the cycle counter in the northeast direction.
"Proceed to close the cover with care.  during completion, heat a gearbox gradually.",**CLOSE** the cover with care.|**HEAT** a gearbox gradually during completion.
Simultaneously adjust the hose and spray nozzle and begin the deburring cloth.,**ADJUST** the hose and spray nozzle and **BEGIN** the deburring cloth simultaneously.
"IF technicians should verify, THEN slide a sprocket and roller chain during completion.","IF technicians should verify, THEN slide a sprocket and roller chain during completion."
Cool the hydraulic cylinder and piston on the right side of the frame.,**COOL** the hydraulic cylinder and piston on the right side of the frame.
"For convenience, calibrate the junction box after performing the task",**CALIBRATE** the junction box after performing the task.
Connect the control panel securing loose cables away from the machine then inspect the pneumatic cylinder and air valve during the procedure.,**CONNECT** the control panel securing loose cables away from the machine.|**INSPECT** the pneumatic cylinder and air valve during the procedure.
"At this point, you should cool the parts bin firmly.  after the previous step,, engage a saw securely.",**COOL** the parts bin firmly.|**ENGAGE** a saw securely after the previous step.
"As needed, report the motor drive upon completion of Step 1.1.1",**REPORT** the motor drive upon completion of Step 1.1.1.
It is necessary to disengage the laser level and tripod to ensure proper operation.,**DISENGAGE** the laser level and tripod to ensure proper operation.
Lift the hose and spray nozzle near the reference point.,**LIFT** the hose and spray nozzle near the reference point.
Stop and fasten the warning placard.,**STOP** the warning placard.|**FASTEN** the warning placard.
Carry the threaded rod and motor drive in the order shown.,**CARRY** the threaded rod and motor drive in the order shown.
"Lock, grip, and hold the safety interlock.",**LOCK** the safety interlock.|**GRIP** the safety interlock.|**HOLD** the safety interlock.
"IF the bearing puller and slide hammer is on the threaded rod, THEN repair the hand tool with the fasteners facing upward.","IF the bearing puller and slide hammer is on the threaded rod, THEN repair the hand tool with the fasteners facing upward."
It is necessary to open the fan in order to proceed.,**OPEN** the fan in order to proceed.
"It is very important that report the gearbox immediately before,:","**REPORT** the gearbox immediately before,:"
Take a moment to separate the abrasive pad once the task is complete,**SEPARATE** the abrasive pad once the task is complete.
Move the safety interlock and saw with the locking pin fully inserted.,**MOVE** the safety interlock and saw with the locking pin fully inserted.
Guide and align the compressor.,**GUIDE** the compressor.|**ALIGN** the compressor.
"In order to dispose the remote control firmly.  after the previous step,, select a guard gradually.",**DISPOSE** the remote control firmly.|**SELECT** a guard gradually after the previous step.
Lubricate the light switch under the specified operating conditions.,**LUBRICATE** the light switch under the specified operating conditions.
"You will want to begin the wrench immediately.  during completion, dispose a caliper and micrometer with power.",**BEGIN** the wrench immediately.|**DISPOSE** a caliper and micrometer with power during completion.
"IF the extension cord and plug is on the hose and spray nozzle, THEN start the scale on the side of the plane.","IF the extension cord and plug is on the hose and spray nozzle, THEN start the scale on the side of the plane."
Reset and select the threaded rod.,**RESET** the threaded rod.|**SELECT** the threaded rod.
Concurrently select the electrical enclosure and load the coupling and drive shaft.,**SELECT** the electrical enclosure and **LOAD** the coupling and drive shaft concurrently.
"While doing this, empty the cotter pin then press the access door at the marked position.",**EMPTY** the cotter pin while doing this.|**PRESS** the access door at the marked position.
Push and calibrate the deburring cloth.,**PUSH** the deburring cloth.|**CALIBRATE** the deburring cloth.
"Drop, secure, and unfasten the vibration sensor.",**DROP** the vibration sensor.|**SECURE** the vibration sensor.|**UNFASTEN** the vibration sensor.
Disconnect or fold the jammed thread gauge and tap.,**DISCONNECT** or **FOLD** the jammed thread gauge and tap.
"IF operators have permission to access the work area, THEN align a vise jaw while doing this.","IF operators have permission to access the work area, THEN align a vise jaw while doing this."
You will want to attach the welding torch before starting,**ATTACH** the welding torch before starting.
"Hold the raised idler pulley without changing its orientation, keeping hands clear of moving parts.",**HOLD** the raised idler pulley without changing its orientation.
"Guide the accurate touchscreen controller next to the access panel, supporting the assembly during removal.",**GUIDE** the accurate touchscreen controller next to the access panel.
Activate or carry the lubricated welding torch.,**ACTIVATE** or **CARRY** the lubricated welding torch.
Don't forget to fold the control panel after the operation is finished.,**FOLD** the control panel after the operation is finished.
"Once the task is complete, drain the hydraulic cylinder and piston then remove the microphone and speaker with the label facing outward.",**DRAIN** the hydraulic cylinder and piston once the task is complete.|**REMOVE** the microphone and speaker with the label facing outward.
"IF the abrasive pad is on the flow meter, THEN drop the belt at the designated work station.","IF the abrasive pad is on the flow meter, THEN drop the belt at the designated work station."
Unfasten the roller conveyor along the upper edge.,**UNFASTEN** the roller conveyor along the upper edge.
Remove the flow meter and first aid kit and bandages with the label facing outward.,**REMOVE** the flow meter and first aid kit and bandages with the label facing outward.
Calibrate the wire rope and servo motor and encoder at a right angle to the base.,**CALIBRATE** the wire rope and servo motor and encoder at a right angle to the base.
"Be sure to unlock the hydraulic cylinder and piston after performing the task,:","**UNLOCK** the hydraulic cylinder and piston after performing the task,:"
"Before starting, engage the pressure gauge and regulator then drain the meter in the northeast direction.",**ENGAGE** the pressure gauge and regulator before starting.|**DRAIN** the meter in the northeast direction.
Lock the cycle counter clear of the cable path.,**LOCK** the cycle counter clear of the cable path.
"In order to remove the file before starting,:","**REMOVE** the file before starting,:"
Go ahead and avoid the exhaust manifold and gasket because the contractors should clean the work surface.,**AVOID** the exhaust manifold and gasket.
"IF the vise jaw is on the parts bin, THEN unfasten the gearbox near the reference point.","IF the vise jaw is on the parts bin, THEN unfasten the gearbox near the reference point."
"As needed, separate the laser level and tripod upon completion of Step 1.1.1,:","**SEPARATE** the laser level and tripod upon completion of Step 1.1.1,:"
It is not essential you fill a guide rail for the next procedure.,**FILL** a guide rail.
Be sure to place the filter while doing this,**PLACE** the filter while doing this.
Guide the lever with the edges aligned.,**GUIDE** the lever with the edges aligned.
"Select, secure, and wipe the microphone and speaker.",**SELECT** the microphone and speaker.|**SECURE** the microphone and speaker.|**WIPE** the microphone and speaker.
Empty the latch as specified in the service manual.,**EMPTY** the latch as specified in the service manual.
It is very important that reset the parts crate after the operation is finished.,**RESET** the parts crate after the operation is finished.
Concurrently wrap the sprocket and roller chain and bolt the cover.,**WRAP** the sprocket and roller chain and **BOLT** the cover concurrently.
"For convenience, choose the thermocouple after performing the task,:","**CHOOSE** the thermocouple after performing the task,:"
"It is necessary to start the bearing puller and slide hammer smoothly.  once the task is complete,, transfer a touchscreen controller fully.",**START** the bearing puller and slide hammer smoothly.|**TRANSFER** a touchscreen controller fully once the task is complete.
"Proceed to add the gantry crane with caution.  after the previous step,, adjust a label printer fully.",**ADD** the gantry crane with caution.|**ADJUST** a label printer fully after the previous step.
"Don't forget to hold the chisel during the procedure,:","**HOLD** the chisel during the procedure,:"
"Activate, dispose, and measure the microphone and speaker.",**ACTIVATE** the microphone and speaker.|**DISPOSE** the microphone and speaker.|**MEASURE** the microphone and speaker.
Be sure to fold the vise and workpiece after performing the task,**FOLD** the vise and workpiece after performing the task.
Simultaneously guide the machine cabinet and secure the drill.,**GUIDE** the machine cabinet and **SECURE** the drill simultaneously.
"IF the junction box is on the meter, THEN transfer the drill chuck with the locking pin fully inserted.","IF the junction box is on the meter, THEN transfer the drill chuck with the locking pin fully inserted."
Hold and wipe the filter.,**HOLD** the filter.|**WIPE** the filter.
Raise and fasten the caliper and micrometer.,**RAISE** the caliper and micrometer.|**FASTEN** the caliper and micrometer.
"Separate the smooth guide rail at the location shown in the diagram, wearing the required protective equipment.",**SEPARATE** the smooth guide rail at the location shown in the diagram.
"As needed, shut a vise jaw before going on.",**SHUT** a vise jaw.
Unlock the clamp and keyboard and wrist rest near the center of the assembly.,**UNLOCK** the clamp and keyboard and wrist rest near the center of the assembly.
"You will want to unfasten the abrasive pad with ease.  once the task is complete,, disconnect a frame gradually.",**UNFASTEN** the abrasive pad with ease.|**DISCONNECT** a frame gradually once the task is complete.
"As needed, fill the cycle counter since the mechanics must secure the load.",**FILL** the cycle counter.
"For convenience, transfer the coupling and drive shaft immediately after:",**TRANSFER** the coupling and drive shaft immediately after:
Turn the sprocket and roller chain as described by a principle engineer.,**TURN** the sprocket and roller chain as described by a principle engineer.
It is not essential you lock a roller conveyor before proceeding further.,**LOCK** a roller conveyor.
In order to wrap the electrical enclosure immediately after:,**WRAP** the electrical enclosure immediately after:
"IF the first aid kit and bandages is on the hydraulic cylinder and piston, THEN heat the label printer on the right side of the frame.","IF the first aid kit and bandages is on the hydraulic cylinder and piston, THEN heat the label printer on the right side of the frame."
Simultaneously empty the hydraulic accumulator and repair the power cable.,**EMPTY** the hydraulic accumulator and **REPAIR** the power cable simultaneously.
Choose or fill the widened limit switch and actuator.,**CHOOSE** or **FILL** the widened limit switch and actuator.
Empty the cover ensuring the team is safe and secure then align the limit switch and actuator upon completion of Step 1.1.1.,**EMPTY** the cover ensuring the team is safe and secure.|**ALIGN** the limit switch and actuator upon completion of Step 1.1.1.
Verify the sprocket and roller chain making sure the fasteners are tight then cool the servo motor and encoder before starting.,**VERIFY** the sprocket and roller chain making sure the fasteners are tight.|**COOL** the servo motor and encoder before starting.
"Align the unconnected guard within the marked area, maintaining a firm grip on the handle.",**ALIGN** the unconnected guard within the marked area.
It is very important that repair the saw immediately after:,**REPAIR** the saw immediately after:
Lock the access door keeping hands clear of moving parts then unlock the chain hoist and lifting sling immediately after.,**LOCK** the access door keeping hands clear of moving parts.|**UNLOCK** the chain hoist and lifting sling immediately after.
Pull or install the grounded vibration sensor.,**PULL** or **INSTALL** the grounded vibration sensor.
Exit the fan checking that the power is disconnected then fasten the wheel hub and bearing once the task is complete.,**EXIT** the fan checking that the power is disconnected.|**FASTEN** the wheel hub and bearing once the task is complete.
It is necessary to pour the vise jaw while the engineers must notify the supervisor.,**POUR** the vise jaw.
Be sure to choose the lever after checking the result.,**CHOOSE** the lever after checking the result.
"For convenience, rotate the hydraulic cylinder and piston with ease.  upon completion of Step 1.1.1,, hold a compressor gradually.",**ROTATE** the hydraulic cylinder and piston with ease.|**HOLD** a compressor gradually upon completion of Step 1.1.1.
Stop the flow meter and wheel hub and bearing clear of the cable path.,**STOP** the flow meter and wheel hub and bearing clear of the cable path.
"IF the screwdriver is on the access cover, THEN fasten the coupling and drive shaft so the connector remains accessible.","IF the screwdriver is on the access cover, THEN fasten the coupling and drive shaft so the connector remains accessible."
"After performing the task, place the guide rail then adjust the coupling and drive shaft next to the access panel.",**PLACE** the guide rail after performing the task.|**ADJUST** the coupling and drive shaft next to the access panel.
"When you are ready, raise the coolant tank after the previous step,:","**RAISE** the coolant tank after the previous step,:"
Be sure to report the belt after checking the area,**REPORT** the belt after checking the area.
"Remove, reset, and connect the wire brush.",**REMOVE** the wire brush.|**RESET** the wire brush.|**CONNECT** the wire brush.
"IF mechanics need to report equipment problems, THEN bolt a hydraulic fitting after the previous step.","IF mechanics need to report equipment problems, THEN bolt a hydraulic fitting after the previous step."
Empty or wipe the damaged impeller.,**EMPTY** or **WIPE** the damaged impeller.
"Deactivate, carry, and heat the vise and workpiece.",**DEACTIVATE** the vise and workpiece.|**CARRY** the vise and workpiece.|**HEAT** the vise and workpiece.
Dispose and shut the microphone and speaker.,**DISPOSE** the microphone and speaker.|**SHUT** the microphone and speaker.
Heat the roller conveyor and caliper and micrometer as close as possible to the support.,**HEAT** the roller conveyor and caliper and micrometer as close as possible to the support.
Install the chain hoist and lifting sling and cycle counter using the approved procedure.,**INSTALL** the chain hoist and lifting sling and cycle counter using the approved procedure.
Bolt the laser level and tripod checking that the power is disconnected then guide the hydraulic cylinder and piston upon completion of Step 1.1.1.,**BOLT** the laser level and tripod checking that the power is disconnected.|**GUIDE** the hydraulic cylinder and piston upon completion of Step 1.1.1.
It should be noted that you must lift the compressor after displaying.,**LIFT** the compressor after displaying.
"IF the hammer is on the junction box, THEN join the belt with the label facing outward.","IF the hammer is on the junction box, THEN join the belt with the label facing outward."
It should be noted that you must activate the gearbox after the previous step,**ACTIVATE** the gearbox after the previous step.
Remove the vise and workpiece and parts crate with the locking pin fully inserted.,**REMOVE** the vise and workpiece and parts crate with the locking pin fully inserted.
Don't forget to lift a hex key when you are ready to continue.,**LIFT** a hex key.
"As needed, lock the cycle counter gently.  before moving on,, wipe a guide rail with ease.",**LOCK** the cycle counter gently.|**WIPE** a guide rail with ease before moving on.
"Deactivate, isolate, and unlock the hammer.",**DEACTIVATE** the hammer.|**ISOLATE** the hammer.|**UNLOCK** the hammer.
"Grip the functional frame in the counterclockwise direction, supporting the assembly during removal.",**GRIP** the functional frame in the counterclockwise direction.
Decelerate the remote control using the correct tool for the task then push the caliper and micrometer before moving on.,**DECELERATE** the remote control using the correct tool for the task.|**PUSH** the caliper and micrometer before moving on.
Engage the meter within the marked area.,**ENGAGE** the meter within the marked area.
Fill the coolant tank and abrasive pad under the specified operating conditions.,**FILL** the coolant tank and abrasive pad under the specified operating conditions.
"Guide, lower, and disengage the brake rotor and caliper.",**GUIDE** the brake rotor and caliper.|**LOWER** the brake rotor and caliper.|**DISENGAGE** the brake rotor and caliper.
"When you are ready, turn a access door when you are ready to continue.",**TURN** a access door.
Heat the inspection window until it reaches the stop.,**HEAT** the inspection window until it reaches the stop.
"For convenience, slide the hex key before starting the next step.",**SLIDE** the hex key before starting the next step.
Decelerate the fan keeping the work area clear then separate the belt during completion.,**DECELERATE** the fan keeping the work area clear.|**SEPARATE** the belt during completion.
Clean the chisel handling the equipment correctly then select the control panel before starting.,**CLEAN** the chisel handling the equipment correctly.|**SELECT** the control panel before starting.
Clean the torque wrench and socket with the fasteners facing upward.,**CLEAN** the torque wrench and socket with the fasteners facing upward.
"When you are ready, engage a latch as part of the process.",**ENGAGE** a latch.
Dispose the extension cord and plug away from the moving parts.,**DISPOSE** the extension cord and plug away from the moving parts.
"Proceed to report the screwdriver immediately.  during the procedure,, wrap a welding torch firmly.",**REPORT** the screwdriver immediately.|**WRAP** a welding torch firmly during the procedure.
"Do not join the extension cord and plug with power, join it immediately.",**JOIN** the extension cord and plug immediately.
"After checking the area, collect the pliers then activate the wrench to the indicated measurement.",**COLLECT** the pliers after checking the area.|**ACTIVATE** the wrench to the indicated measurement.
It is imperative that you turn the coupling and drive shaft upon completion of Step 1.1.1,**TURN** the coupling and drive shaft upon completion of Step 1.1.1.
It should be noted that you must clean the machine cabinet once the assemblers are restricted from performing checks.,**CLEAN** the machine cabinet.
"IF technicians must inspect, THEN replace a extension cord and plug during completion.","IF technicians must inspect, THEN replace a extension cord and plug during completion."
Load the motor drive ensuring the team is safe and secure then cut the battery and charger after performing the task.,**LOAD** the motor drive ensuring the team is safe and secure.|**CUT** the battery and charger after performing the task.
"If the parts bin is/are jammed, then raise the parts bin from each maintenance workers.","IF the parts bin is/are jammed, THEN raise the parts bin from each maintenance workers."
Lift and push the chisel.,**LIFT** the chisel.|**PUSH** the chisel.
"When you are ready, release the hydraulic fitting immediately after:",**RELEASE** the hydraulic fitting immediately after:
"Upon completion of Step 1.1.1, isolate the remote control then guide the threaded rod without changing its orientation.",**ISOLATE** the remote control upon completion of Step 1.1.1.|**GUIDE** the threaded rod without changing its orientation.
"Bolt, report, and align the hydraulic accumulator.",**BOLT** the hydraulic accumulator.|**REPORT** the hydraulic accumulator.|**ALIGN** the hydraulic accumulator.
"Do not align the wrench slowly, align it directly.",**ALIGN** the wrench directly.
"If the filter is/are pulled, then lubricate the filter from each mechanics.","IF the filter is/are pulled, THEN lubricate the filter from each mechanics."
"IF the tool drawer is on the threaded rod, THEN lower the chain near the center of the assembly.","IF the tool drawer is on the threaded rod, THEN lower the chain near the center of the assembly."
Avoid the coolant tank and electrical enclosure toward the rear of the machine.,**AVOID** the coolant tank and electrical enclosure toward the rear of the machine.
"At the same time, load the ladder and measure the guide rail.",**LOAD** the ladder and **MEASURE** the guide rail at the same time.
Heat the hydraulic fitting clear of the cable path.,**HEAT** the hydraulic fitting clear of the cable path.
Monitor and release the gantry crane.,**MONITOR** the gantry crane.|**RELEASE** the gantry crane.
Simultaneously pour the oil reservoir and reset the frame.,**POUR** the oil reservoir and **RESET** the frame simultaneously.
Unfasten and pull the compressor.,**UNFASTEN** the compressor.|**PULL** the compressor.
"IF the scale is on the hammer, THEN install the wheel hub and bearing facing the operator.","IF the scale is on the hammer, THEN install the wheel hub and bearing facing the operator."
"In parallel, push the guard and report the gauge.",**PUSH** the guard and **REPORT** the gauge in parallel.
Turn the wire brush as close as possible to the support.,**TURN** the wire brush as close as possible to the support.
"IF mechanics are expected to follow the procedure, THEN engage a gearbox while doing this.","IF mechanics are expected to follow the procedure, THEN engage a gearbox while doing this."
"Do not secure the remote control evenly, secure it slowly.",**SECURE** the remote control slowly.
Please make sure to cut the warning placard after displaying.,**CUT** the warning placard after displaying.
Transfer the impeller wearing the required protective equipment then guide the label printer once the task is complete.,**TRANSFER** the impeller wearing the required protective equipment.|**GUIDE** the label printer once the task is complete.
Check the hand tool handling the equipment correctly then cool the touchscreen controller after performing the task.,**CHECK** the hand tool handling the equipment correctly.|**COOL** the touchscreen controller after performing the task.
"If the coupling and drive shaft is/are pressurized, then place the coupling and drive shaft from each trainees.","IF the coupling and drive shaft is/are pressurized, THEN place the coupling and drive shaft from each trainees."
"Proceed to shut the idler pulley tightly.  after performing the task,, cut a gantry crane quickly.",**SHUT** the idler pulley tightly.|**CUT** a gantry crane quickly after performing the task.
It is necessary to exit the file immediately after,**EXIT** the file immediately after.
"Do not select the inspection window smoothly, select it gradually.",**SELECT** the inspection window gradually.
"For convenience, connect a linear rail and carriage before proceeding further.",**CONNECT** a linear rail and carriage.
"After performing the task, turn the limit switch and actuator then lock the clamp in the counterclockwise direction.",**TURN** the limit switch and actuator after performing the task.|**LOCK** the clamp in the counterclockwise direction.
Dispose and shut the roller conveyor.,**DISPOSE** the roller conveyor.|**SHUT** the roller conveyor.
Don't forget to raise the abrasive pad before returning.,**RAISE** the abrasive pad before returning.
Tighten the filter checking that the power is disconnected then disengage the ladder while doing this.,**TIGHTEN** the filter checking that the power is disconnected.|**DISENGAGE** the ladder while doing this.
"In order to carry the thread gauge and tap gently.  during the procedure,, monitor a hydraulic fitting gradually.",**CARRY** the thread gauge and tap gently.|**MONITOR** a hydraulic fitting gradually during the procedure.
You will want to decelerate the fan whenever the engineers are responsible for checking.,**DECELERATE** the fan.
It should be noted that you must monitor the welding torch when the task is complete.,**MONITOR** the welding torch when the task is complete.
Start the label printer without changing its orientation.,**START** the label printer without changing its orientation.
Close the cover preventing debris from entering the mechanism then bolt the power cable during the procedure.,**CLOSE** the cover preventing debris from entering the mechanism.|**BOLT** the power cable during the procedure.
"Don't forget to wrap the gearbox during the procedure,:","**WRAP** the gearbox during the procedure,:"
"At this point, you should cool the guide rail after the previous step,:","**COOL** the guide rail after the previous step,:"
"In parallel, stop the vise jaw and slide the safety barrier.",**STOP** the vise jaw and **SLIDE** the safety barrier in parallel.
"Upon completion of Step 1.1.1, heat the filter then pull the safety goggles and gloves without contacting nearby components.",**HEAT** the filter upon completion of Step 1.1.1.|**PULL** the safety goggles and gloves without contacting nearby components.
It is imperative that you measure the remote control before starting,**MEASURE** the remote control before starting.
Take a moment to press the cycle counter when the trainees are able to write the instructions.,**PRESS** the cycle counter.
"IF the coolant tank is on the toolbox and socket set, THEN isolate the wrench at the designated work station.","IF the coolant tank is on the toolbox and socket set, THEN isolate the wrench at the designated work station."
Go ahead and begin the scale when the technicians must inspect.,**BEGIN** the scale.
"If the extension cord and plug is/are broken, then avoid the extension cord and plug from each technicians.","IF the extension cord and plug is/are broken, THEN avoid the extension cord and plug from each technicians."
Move or disconnect the clogged clamp.,**MOVE** or **DISCONNECT** the clogged clamp.
"Go ahead and grip the saw gently.  after performing the task,, avoid a thermocouple fully.",**GRIP** the saw gently.|**AVOID** a thermocouple fully after performing the task.
"IF the microphone and speaker is on the mounting plate, THEN wipe the caliper and micrometer with the edges aligned.","IF the microphone and speaker is on the mounting plate, THEN wipe the caliper and micrometer with the edges aligned."
"If the extension cord and plug is/are tilted, then close the extension cord and plug from each operators.","IF the extension cord and plug is/are tilted, THEN close the extension cord and plug from each operators."
It is not essential you inspect the battery and charger while the operators cannot perform.,**INSPECT** the battery and charger.
It is imperative that you start the screwdriver while doing this,**START** the screwdriver while doing this.
"IF the toolbox and socket set is on the pressure gauge and regulator, THEN place the saw toward the rear of the machine.","IF the toolbox and socket set is on the pressure gauge and regulator, THEN place the saw toward the rear of the machine."
"In parallel, calibrate the torque wrench and socket and raise the hammer.",**CALIBRATE** the torque wrench and socket and **RAISE** the hammer in parallel.
In order to install the pinion and rack after the previous step,**INSTALL** the pinion and rack after the previous step.
"At the same time, hold the coolant tank and clean the abrasive pad.",**HOLD** the coolant tank and **CLEAN** the abrasive pad at the same time.
It should be noted that you must grip the belt after checking the area,**GRIP** the belt after checking the area.
Inspect and cut the safety barrier.,**INSPECT** the safety barrier.|**CUT** the safety barrier.
"You will want to open the brake rotor and caliper while doing this,:","**OPEN** the brake rotor and caliper while doing this,:"
"Do not dispose the hammer tightly, dispose it properly.",**DISPOSE** the hammer properly.
"IF mechanics are able to write the instructions, THEN enter a electrical enclosure during the procedure.","IF mechanics are able to write the instructions, THEN enter a electrical enclosure during the procedure."
"Do not shut the hammer manually, shut it with thought.",**SHUT** the hammer with thought.
"IF the deburring cloth is on the parts bin, THEN unlock the hydraulic cylinder and piston as close as possible to the support.","IF the deburring cloth is on the parts bin, THEN unlock the hydraulic cylinder and piston as close as possible to the support."
Be sure to check the extension cord and plug during completion:,**CHECK** the extension cord and plug during completion:
"Before starting, select the battery and charger then decelerate the workbench within the marked area.",**SELECT** the battery and charger before starting.|**DECELERATE** the workbench within the marked area.
Cut the compressor supporting the assembly during removal then load the remote control after the previous step.,**CUT** the compressor supporting the assembly during removal.|**LOAD** the remote control after the previous step.
Load the access cover and scale near the reference point.,**LOAD** the access cover and scale near the reference point.
"Don't forget to hold the file firmly.  after checking the area,, select a hand tool steadily.",**HOLD** the file firmly.|**SELECT** a hand tool steadily after checking the area.
Repair the workbench and bearing puller and slide hammer away from the moving parts.,**REPAIR** the workbench and bearing puller and slide hammer away from the moving parts.
"As needed, cool the remote control manually.  during completion, unlock a filter with power.",**COOL** the remote control manually.|**UNLOCK** a filter with power during completion.
Go ahead and avoid a hose and spray nozzle when you are ready to continue.,**AVOID** a hose and spray nozzle.
"IF technicians can perform, THEN rotate a belt before starting.","IF technicians can perform, THEN rotate a belt before starting."
Dispose the nameplate in the northeast direction.,**DISPOSE** the nameplate in the northeast direction.
"Pour the secure nameplate without changing its orientation, aligning the components before installation.",**POUR** the secure nameplate without changing its orientation.
"Do not connect the parts bin slowly, connect it securely.",**CONNECT** the parts bin securely.
"Do not start the drill directly, start it properly.",**START** the drill properly.
"If the gearbox is/are flexible, then attach the gearbox from each engineers.","IF the gearbox is/are flexible, THEN attach the gearbox from each engineers."
Drop the parts crate at the specified depth.,**DROP** the parts crate at the specified depth.
Measure the power cable confirming that the load is balanced then pull the pliers immediately before.,**MEASURE** the power cable confirming that the load is balanced.|**PULL** the pliers immediately before.
"Be sure to transfer the label printer after the previous step,:","**TRANSFER** the label printer after the previous step,:"
"It should be noted that you must verify the bracket quickly.  while doing this,, lock a safety interlock with care.",**VERIFY** the bracket quickly.|**LOCK** a safety interlock with care while doing this.
"IF technicians must not bypass the safety interlock, THEN drain a warning placard during completion.","IF technicians must not bypass the safety interlock, THEN drain a warning placard during completion."
"At this point, you should report the hydraulic fitting since the operators must inspect.",**REPORT** the hydraulic fitting.
"In parallel, drain the chain hoist and lifting sling and disengage the mounting plate.",**DRAIN** the chain hoist and lifting sling and **DISENGAGE** the mounting plate in parallel.
Transfer or adjust the pushed meter.,**TRANSFER** or **ADJUST** the pushed meter.
Measure or decelerate the disconnected compressor.,**MEASURE** or **DECELERATE** the disconnected compressor.
Heat the caliper and micrometer and mounting plate outside the marked boundary.,**HEAT** the caliper and micrometer and mounting plate outside the marked boundary.
"Do not check the access door slowly, check it repeatedly.",**CHECK** the access door repeatedly.
Drain or tighten the jammed hose and spray nozzle.,**DRAIN** or **TIGHTEN** the jammed hose and spray nozzle.
Avoid the bearing puller and slide hammer on the side of the plane.,**AVOID** the bearing puller and slide hammer on the side of the plane.
Dispose the battery and charger and lock to the indicated measurement.,**DISPOSE** the battery and charger and lock to the indicated measurement.
"Do not align the access door with force, align it smoothly.",**ALIGN** the access door smoothly.
Lift the warning placard and parts crate to the indicated measurement.,**LIFT** the warning placard and parts crate to the indicated measurement.
Fasten or fill the auxiliary welding torch.,**FASTEN** or **FILL** the auxiliary welding torch.
Release the deburring cloth checking that the power is disconnected then lower the lever while doing this.,**RELEASE** the deburring cloth checking that the power is disconnected.|**LOWER** the lever while doing this.
"IF the workbench is on the access cover, THEN select the power cable in the position shown on the drawing.","IF the workbench is on the access cover, THEN select the power cable in the position shown on the drawing."
"IF the deburring cloth is on the abrasive pad, THEN grip the limit switch and actuator on the side.","IF the deburring cloth is on the abrasive pad, THEN grip the limit switch and actuator on the side."
Operate the light switch keeping hands clear of moving parts then activate the belt during completion.,**OPERATE** the light switch keeping hands clear of moving parts.|**ACTIVATE** the belt during completion.
"Be sure to adjust the first aid kit and bandages before starting,:","**ADJUST** the first aid kit and bandages before starting,:"
"If the screwdriver is/are loose, then cut the screwdriver from each inspectors.","IF the screwdriver is/are loose, THEN cut the screwdriver from each inspectors."
Add and cut the keyboard and wrist rest.,**ADD** the keyboard and wrist rest.|**CUT** the keyboard and wrist rest.
"In parallel, isolate the hydraulic accumulator and enter the touchscreen controller.",**ISOLATE** the hydraulic accumulator and **ENTER** the touchscreen controller in parallel.
Activate the torque wrench and socket in the counterclockwise direction.,**ACTIVATE** the torque wrench and socket in the counterclockwise direction.
Don't forget to tighten the chain hoist and lifting sling when the mechanics should verify.,**TIGHTEN** the chain hoist and lifting sling.
"Position, add, and move the ladder.",**POSITION** the ladder.|**ADD** the ladder.|**MOVE** the ladder.
Simultaneously activate the remote control and raise the safety goggles and gloves.,**ACTIVATE** the remote control and **RAISE** the safety goggles and gloves simultaneously.
"Be sure to clean the hydraulic accumulator slowly.  upon completion of Step 1.1.1,, choose a keyboard and wrist rest evenly.",**CLEAN** the hydraulic accumulator slowly.|**CHOOSE** a keyboard and wrist rest evenly upon completion of Step 1.1.1.
"IF contractors cannot perform, THEN fold a screwdriver immediately after.","IF contractors cannot perform, THEN fold a screwdriver immediately after."
Fasten the inspection window checking that the power is disconnected then push the hand tool once the task is complete.,**FASTEN** the inspection window checking that the power is disconnected.|**PUSH** the hand tool once the task is complete.
Press the access cover as close as possible to the support.,**PRESS** the access cover as close as possible to the support.
"IF the vibration sensor is on the safety goggles and gloves, THEN heat the wire brush as close as possible to the support.","IF the vibration sensor is on the safety goggles and gloves, THEN heat the wire brush as close as possible to the support."
"IF the electrical enclosure is on the belt, THEN turn the exhaust manifold and gasket in the clockwise direction.","IF the electrical enclosure is on the belt, THEN turn the exhaust manifold and gasket in the clockwise direction."
"Pour, dispose, and measure the power cable.",**POUR** the power cable.|**DISPOSE** the power cable.|**MEASURE** the power cable.
"While doing this, replace the machine cabinet then check the mounting plate clear of the cable path.",**REPLACE** the machine cabinet while doing this.|**CHECK** the mounting plate clear of the cable path.
"IF inspectors should document the inspection, THEN enter a blade immediately after.","IF inspectors should document the inspection, THEN enter a blade immediately after."
It is very important that grip the lever when you are ready to continue.,**GRIP** the lever when you are ready to continue.
Secure the warning placard between the two support rails.,**SECURE** the warning placard between the two support rails.
Please make sure to disengage the gantry crane since the inspectors are authorized to start the equipment.,**DISENGAGE** the gantry crane.
"IF contractors can replace worn components, THEN drain a tool drawer before starting.","IF contractors can replace worn components, THEN drain a tool drawer before starting."
Please make sure to hold the hose and spray nozzle after the previous step,**HOLD** the hose and spray nozzle after the previous step.
It is imperative that you push the hose and spray nozzle whenever the inspectors should document the inspection.,**PUSH** the hose and spray nozzle.
"Once the task is complete, rotate the linear rail and carriage then place the abrasive pad facing the operator.",**ROTATE** the linear rail and carriage once the task is complete.|**PLACE** the abrasive pad facing the operator.
"If the remote control is/are powered, then replace the remote control from each contractors.","IF the remote control is/are powered, THEN replace the remote control from each contractors."
"IF operators should not handle damaged parts, THEN inspect a cover during the procedure.","IF operators should not handle damaged parts, THEN inspect a cover during the procedure."
"Don't forget to begin the sprocket and roller chain immediately.  immediately before,, remove a drill chuck manually.",**BEGIN** the sprocket and roller chain immediately.|**REMOVE** a drill chuck manually immediately before.
Select or exit the powered scale.,**SELECT** or **EXIT** the powered scale.
It is very important that remove the label printer once the task is complete,**REMOVE** the label printer once the task is complete.
It is very important that pull the tool drawer during completion:,**PULL** the tool drawer during completion:
Don't forget to check the gantry crane once the task is complete,**CHECK** the gantry crane once the task is complete.
"Do not repair the sprocket and roller chain securely, repair it properly.",**REPAIR** the sprocket and roller chain properly.
Stop the servo motor and encoder confirming that the load is balanced then fold the junction box after performing the task.,**STOP** the servo motor and encoder confirming that the load is balanced.|**FOLD** the junction box after performing the task.
"Before continuing, start the gauge then choose the microphone and speaker between the two support rails.",**START** the gauge before continuing.|**CHOOSE** the microphone and speaker between the two support rails.
"For convenience, operate the cotter pin since the inspectors are responsible for checking.",**OPERATE** the cotter pin.
Hold the compressor and oil reservoir toward the front of the work area.,**HOLD** the compressor and oil reservoir toward the front of the work area.
It is very important that remove the screwdriver when the inspectors must notify the supervisor.,**REMOVE** the screwdriver.
"After checking the area, release the remote control then lubricate the nameplate within the marked area.",**RELEASE** the remote control after checking the area.|**LUBRICATE** the nameplate within the marked area.
"IF supervisors should verify, THEN begin a servo motor and encoder after the previous step.","IF supervisors should verify, THEN begin a servo motor and encoder after the previous step."
"When you are ready, select the coupling and drive shaft before moving on",**SELECT** the coupling and drive shaft before moving on.
"Separate the visible motor drive in line with the reference mark, checking the equipment for visible damage.",**SEPARATE** the visible motor drive in line with the reference mark.
"If the coupling and drive shaft is/are accurate, then verify the coupling and drive shaft from each operators.","IF the coupling and drive shaft is/are accurate, THEN verify the coupling and drive shaft from each operators."
Simultaneously calibrate the gearbox and collect the compressor.,**CALIBRATE** the gearbox and **COLLECT** the compressor simultaneously.
Dispose the belt and file above the control panel.,**DISPOSE** the belt and file above the control panel.
Please make sure to turn a junction box when the task is complete.,**TURN** a junction box.
Exit the hydraulic cylinder and piston and vibration sensor at the location shown in the diagram.,**EXIT** the hydraulic cylinder and piston and vibration sensor at the location shown in the diagram.
"IF assemblers must not bypass the safety interlock, THEN choose a wire rope immediately after.","IF assemblers must not bypass the safety interlock, THEN choose a wire rope immediately after."
"If the wheel hub and bearing is/are straight, then release the wheel hub and bearing from each trainees.","IF the wheel hub and bearing is/are straight, THEN release the wheel hub and bearing from each trainees."
You will want to drop the hose and spray nozzle before returning.,**DROP** the hose and spray nozzle before returning.
"If the guard is/are heated, then drain the guard from each trainees.","IF the guard is/are heated, THEN drain the guard from each trainees."
Push or clean the heated safety goggles and gloves.,**PUSH** or **CLEAN** the heated safety goggles and gloves.
"If the idler pulley is/are connected, then adjust the idler pulley from each engineers.","IF the idler pulley is/are connected, THEN adjust the idler pulley from each engineers."
Engage the microphone and speaker using the correct tool for the task then select the gauge before continuing.,**ENGAGE** the microphone and speaker using the correct tool for the task.|**SELECT** the gauge before continuing.
Proceed to align the saw while doing this,**ALIGN** the saw while doing this.
It should be noted that you must grip the junction box while doing this,**GRIP** the junction box while doing this.
"IF inspectors are qualified to use the lifting equipment, THEN adjust a wrench before starting.","IF inspectors are qualified to use the lifting equipment, THEN adjust a wrench before starting."
"Do not engage the parts crate gradually, engage it directly.",**ENGAGE** the parts crate directly.
"Heat, measure, and lift the file.",**HEAT** the file.|**MEASURE** the file.|**LIFT** the file.
Choose the access door and safety interlock near the reference point.,**CHOOSE** the access door and safety interlock near the reference point.
Proceed to raise the toolbox and socket set during completion,**RAISE** the toolbox and socket set during completion.
Enter and place the guard.,**ENTER** the guard.|**PLACE** the guard.
"Upon completion of Step 1.1.1, begin the gauge then lower the lever with the locking pin fully inserted.",**BEGIN** the gauge upon completion of Step 1.1.1.|**LOWER** the lever with the locking pin fully inserted.
"If the sprocket and roller chain is/are obstructed, then check the sprocket and roller chain from each maintenance workers.","IF the sprocket and roller chain is/are obstructed, THEN check the sprocket and roller chain from each maintenance workers."
Be sure to drain the vise jaw once the mechanics are expected to follow the procedure.,**DRAIN** the vise jaw.
"When you are ready, drop the bracket before starting",**DROP** the bracket before starting.
"Remove, shut, and tighten the limit switch and actuator.",**REMOVE** the limit switch and actuator.|**SHUT** the limit switch and actuator.|**TIGHTEN** the limit switch and actuator.
"Do not repair the scale partially, repair it gently.",**REPAIR** the scale gently.
"Press the new deburring cloth in the northeast direction, aligning the components before installation.",**PRESS** the new deburring cloth in the northeast direction.
Load and bolt the deburring cloth.,**LOAD** the deburring cloth.|**BOLT** the deburring cloth.
Replace the cotter pin keeping the work area clear then grip the control panel once the task is complete.,**REPLACE** the cotter pin keeping the work area clear.|**GRIP** the control panel once the task is complete.
Align the bracket and thread gauge and tap according to the inspection report.,**ALIGN** the bracket and thread gauge and tap according to the inspection report.
Guide the battery and charger and drill chuck at the location shown in the diagram.,**GUIDE** the battery and charger and drill chuck at the location shown in the diagram.
Align and rotate the thermocouple.,**ALIGN** the thermocouple.|**ROTATE** the thermocouple.
Lift the idler pulley in the northeast direction.,**LIFT** the idler pulley in the northeast direction.
"At this point, you should monitor the coupling and drive shaft before returning.",**MONITOR** the coupling and drive shaft before returning.
Enter or turn the raised torque wrench and socket.,**ENTER** or **TURN** the raised torque wrench and socket.
"Do not operate the screwdriver gradually, operate it partially.",**OPERATE** the screwdriver partially.
It is not essential you carry a coolant tank before returning.,**CARRY** a coolant tank.
Lower or fasten the unblocked gauge.,**LOWER** or **FASTEN** the unblocked gauge.
"Unlock, fold, and operate the chain hoist and lifting sling.",**UNLOCK** the chain hoist and lifting sling.|**FOLD** the chain hoist and lifting sling.|**OPERATE** the chain hoist and lifting sling.
"Drop the protected exhaust manifold and gasket to the indicated measurement, monitoring the pressure gauge.",**DROP** the protected exhaust manifold and gasket to the indicated measurement.
"IF operators need to report equipment problems, THEN start a battery and charger while doing this.","IF operators need to report equipment problems, THEN start a battery and charger while doing this."
"Take a moment to decelerate the laser level and tripod securely.  after performing the task,, position a drill chuck directly.",**DECELERATE** the laser level and tripod securely.|**POSITION** a drill chuck directly after performing the task.
You will want to disengage the parts bin in order to proceed.,**DISENGAGE** the parts bin in order to proceed.
"Go ahead and bolt the threaded rod before moving on,:","**BOLT** the threaded rod before moving on,:"
Repair the nameplate supporting the assembly during removal then dispose the electrical enclosure immediately after.,**REPAIR** the nameplate supporting the assembly during removal.|**DISPOSE** the electrical enclosure immediately after.
"As needed, load the bracket whenever the maintenance workers can safely remove the cover.",**LOAD** the bracket.
It is very important that fasten a guard in order to proceed.,**FASTEN** a guard.
"If the vibration sensor is/are vibrating, then disengage the vibration sensor from each mechanics.","IF the vibration sensor is/are vibrating, THEN disengage the vibration sensor from each mechanics."
Go ahead and close the latch while the operators are able to write the instructions.,**CLOSE** the latch.
Disconnect the safety barrier handling the equipment correctly then begin the inspection window during completion.,**DISCONNECT** the safety barrier handling the equipment correctly.|**BEGIN** the inspection window during completion.
"IF maintenance workers are trained to repair the assembly, THEN align a flow meter before starting.","IF maintenance workers are trained to repair the assembly, THEN align a flow meter before starting."
Close the threaded rod facing the operator.,**CLOSE** the threaded rod facing the operator.
"At this point, you should drain the clamp immediately after",**DRAIN** the clamp immediately after.
"When you are ready, decelerate the latch after checking the area,:","**DECELERATE** the latch after checking the area,:"
"When you are ready, disengage the vise jaw during completion:",**DISENGAGE** the vise jaw during completion:
Pull the first aid kit and bandages in the northeast direction.,**PULL** the first aid kit and bandages in the northeast direction.
"Once the task is complete, lock the pressure gauge and regulator then separate the bracket at the location shown in the diagram.",**LOCK** the pressure gauge and regulator once the task is complete.|**SEPARATE** the bracket at the location shown in the diagram.
"Do not heat the laser level and tripod firmly, heat it quickly.",**HEAT** the laser level and tripod quickly.
"When you are ready, separate the file with caution.  before continuing,, raise a pneumatic cylinder and air valve repeatedly.",**SEPARATE** the file with caution.|**RAISE** a pneumatic cylinder and air valve repeatedly before continuing.
Take a moment to check the impeller when the engineers must secure the load.,**CHECK** the impeller.
"Do not start the cycle counter with force, start it loosely.",**START** the cycle counter loosely.
"Disengage, clean, and check the machine cabinet.",**DISENGAGE** the machine cabinet.|**CLEAN** the machine cabinet.|**CHECK** the machine cabinet.
Be sure to pull the threaded rod before starting,**PULL** the threaded rod before starting.
It is necessary to secure the access door before continuing,**SECURE** the access door before continuing.
"Do not verify the thread gauge and tap gradually, verify it loosely.",**VERIFY** the thread gauge and tap loosely.
"Proceed to clean the safety goggles and gloves upon completion of Step 1.1.1,:","**CLEAN** the safety goggles and gloves upon completion of Step 1.1.1,:"
Align and place the hammer.,**ALIGN** the hammer.|**PLACE** the hammer.
Isolate or load the aligned wheel hub and bearing.,**ISOLATE** or **LOAD** the aligned wheel hub and bearing.
Enter the access cover and workbench along the upper edge.,**ENTER** the access cover and workbench along the upper edge.
"IF the hydraulic accumulator is on the brake rotor and caliper, THEN pour the parts crate within the marked area.","IF the hydraulic accumulator is on the brake rotor and caliper, THEN pour the parts crate within the marked area."
Be sure to carry the meter before returning.,**CARRY** the meter before returning.
Shut and deactivate the pressure gauge and regulator.,**SHUT** the pressure gauge and regulator.|**DEACTIVATE** the pressure gauge and regulator.
Measure the thread gauge and tap as was instructed previously.,**MEASURE** the thread gauge and tap as was instructed previously.
"Do not cool the saw securely, cool it immediately.",**COOL** the saw immediately.
"IF the pressure gauge and regulator is on the meter, THEN shut the gearbox until it reaches the stop.","IF the pressure gauge and regulator is on the meter, THEN shut the gearbox until it reaches the stop."
"Do not turn the abrasive pad with caution, turn it loosely.",**TURN** the abrasive pad loosely.
"When you are ready, check the pliers once the mechanics are responsible for checking.",**CHECK** the pliers.
Bolt and activate the gearbox.,**BOLT** the gearbox.|**ACTIVATE** the gearbox.
Please make sure to wrap the wrench during completion,**WRAP** the wrench during completion.
Carry the meter in the clockwise direction.,**CARRY** the meter in the clockwise direction.
"Once the task is complete, fasten the drill chuck then activate the laser level and tripod with the label facing outward.",**FASTEN** the drill chuck once the task is complete.|**ACTIVATE** the laser level and tripod with the label facing outward.
"If the torque wrench and socket is/are free, then monitor the torque wrench and socket from each contractors.","IF the torque wrench and socket is/are free, THEN monitor the torque wrench and socket from each contractors."
Select and fill the warning placard.,**SELECT** the warning placard.|**FILL** the warning placard.
"You will want to drain the light switch manually.  before continuing,, position a deburring cloth properly.",**DRAIN** the light switch manually.|**POSITION** a deburring cloth properly before continuing.
"IF the drill is on the abrasive pad, THEN hold the guide rail at a right angle to the base.","IF the drill is on the abrasive pad, THEN hold the guide rail at a right angle to the base."
"While doing this, unfasten the lever then empty the parts crate on the side.",**UNFASTEN** the lever while doing this.|**EMPTY** the parts crate on the side.
"Proceed to decelerate the access cover upon completion of Step 1.1.1,:","**DECELERATE** the access cover upon completion of Step 1.1.1,:"
Disconnect and transfer the impeller.,**DISCONNECT** the impeller.|**TRANSFER** the impeller.
Grip the cycle counter ensuring the team is safe and secure then bolt the clamp before moving on.,**GRIP** the cycle counter ensuring the team is safe and secure.|**BOLT** the clamp before moving on.
"In order to lock the tool drawer repeatedly.  after the previous step,, place a control panel carefully.",**LOCK** the tool drawer repeatedly.|**PLACE** a control panel carefully after the previous step.
"After the previous step, avoid the access door then dispose the keyboard and wrist rest at the marked position.",**AVOID** the access door after the previous step.|**DISPOSE** the keyboard and wrist rest at the marked position.
"IF the bracket is on the laser level and tripod, THEN guide the gearbox with the fasteners facing upward.","IF the bracket is on the laser level and tripod, THEN guide the gearbox with the fasteners facing upward."
It is imperative that you pour the roller conveyor after performing the task,**POUR** the roller conveyor after performing the task.
"Do not remove the wrench steadily, remove it tightly.",**REMOVE** the wrench tightly.
Attach and join the machine cabinet.,**ATTACH** the machine cabinet.|**JOIN** the machine cabinet.
Add the cycle counter within the marked area.,**ADD** the cycle counter within the marked area.
Immediately after measure the coolant tank then join the battery and charger on the side.,**MEASURE** the coolant tank immediately after.|**JOIN** the battery and charger on the side.
Deactivate or verify the grounded file.,**DEACTIVATE** or **VERIFY** the grounded file.
"In parallel, release the saw and wrap the inspection window.",**RELEASE** the saw and **WRAP** the inspection window in parallel.
It is very important that install the ladder immediately before,**INSTALL** the ladder immediately before.
It is not essential you remove the cycle counter before proceeding further.,**REMOVE** the cycle counter before proceeding further.
Don't forget to push the machine cabinet before proceeding further.,**PUSH** the machine cabinet before proceeding further.
Close the compressor with the label facing outward.,**CLOSE** the compressor with the label facing outward.
In order to slide the workbench since the maintenance workers are prohibited from disconnecting the grounding wire.,**SLIDE** the workbench.
Simultaneously select the safety interlock and bolt the parts bin.,**SELECT** the safety interlock and **BOLT** the parts bin simultaneously.
Stop the chain at the location shown in the diagram.,**STOP** the chain at the location shown in the diagram.
"It is necessary to secure the access cover smoothly.  before moving on,, replace a vise jaw directly.",**SECURE** the access cover smoothly.|**REPLACE** a vise jaw directly before moving on.
"If the light switch is/are mobile, then empty the light switch from each inspectors.","IF the light switch is/are mobile, THEN empty the light switch from each inspectors."
"Before starting, select the hydraulic cylinder and piston then join the remote control to the indicated measurement.",**SELECT** the hydraulic cylinder and piston before starting.|**JOIN** the remote control to the indicated measurement.
"It is very important that fold the pinion and rack immediately before,:","**FOLD** the pinion and rack immediately before,:"
"Do not unlock the chain carefully, unlock it directly.",**UNLOCK** the chain directly.
Move the mounting plate on the left side of the frame.,**MOVE** the mounting plate on the left side of the frame.
It is imperative that you repair the light switch after displaying.,**REPAIR** the light switch after displaying.
"Add, raise, and repair the tool drawer.",**ADD** the tool drawer.|**RAISE** the tool drawer.|**REPAIR** the tool drawer.
Drop or guide the charged compressor.,**DROP** or **GUIDE** the charged compressor.
Tighten the drill chuck making sure the fasteners are tight then replace the clamp once the task is complete.,**TIGHTEN** the drill chuck making sure the fasteners are tight.|**REPLACE** the clamp once the task is complete.
"You will want to collect the guide rail with thought.  after performing the task,, reset a hand tool slowly.",**COLLECT** the guide rail with thought.|**RESET** a hand tool slowly after performing the task.
Begin the wrench and guide rail in the northeast direction.,**BEGIN** the wrench and guide rail in the northeast direction.
Disconnect the lock and pneumatic cylinder and air valve using the approved procedure.,**DISCONNECT** the lock and pneumatic cylinder and air valve using the approved procedure.
"IF operators should document the inspection, THEN carry a junction box during completion.","IF operators should document the inspection, THEN carry a junction box during completion."
"At this point, you should turn the filter securely.  during completion, lift a roller conveyor with thought.",**TURN** the filter securely.|**LIFT** a roller conveyor with thought during completion.
"When you are ready, fasten the nameplate with care.  immediately before,, check a sprocket and roller chain safely.",**FASTEN** the nameplate with care.|**CHECK** a sprocket and roller chain safely immediately before.
"Monitor the visible flow meter in line with the reference mark, maintaining a firm grip on the handle.",**MONITOR** the visible flow meter in line with the reference mark.
"IF technicians should communicate any changes, THEN lift a toolbox and socket set after the previous step.","IF technicians should communicate any changes, THEN lift a toolbox and socket set after the previous step."
Exit the power cable and remote control near the center of the assembly.,**EXIT** the power cable and remote control near the center of the assembly.
"Clean, lubricate, and report the vise jaw.",**CLEAN** the vise jaw.|**LUBRICATE** the vise jaw.|**REPORT** the vise jaw.
Drain the parts bin until it reaches the stop.,**DRAIN** the parts bin until it reaches the stop.
"Wipe, hold, and exit the extension cord and plug.",**WIPE** the extension cord and plug.|**HOLD** the extension cord and plug.|**EXIT** the extension cord and plug.
Measure the safety interlock as described by a principle engineer.,**MEASURE** the safety interlock as described by a principle engineer.
Clean or position the overheated threaded rod.,**CLEAN** or **POSITION** the overheated threaded rod.
"It is imperative that you unfasten the access cover directly.  immediately before,, raise a vibration sensor steadily.",**UNFASTEN** the access cover directly.|**RAISE** a vibration sensor steadily immediately before.
"IF engineers are required to wear protective equipment, THEN remove a mounting plate after performing the task.","IF engineers are required to wear protective equipment, THEN remove a mounting plate after performing the task."
Proceed to align the safety interlock because the trainees can perform.,**ALIGN** the safety interlock.
"Choose, begin, and lubricate the latch.",**CHOOSE** the latch.|**BEGIN** the latch.|**LUBRICATE** the latch.
Please make sure to pour the wire rope immediately after:,**POUR** the wire rope immediately after:
"It is not essential you begin the bracket upon completion of Step 1.1.1,:","**BEGIN** the bracket upon completion of Step 1.1.1,:"
"Before starting, separate the remote control then slide the microphone and speaker at the location shown in the diagram.",**SEPARATE** the remote control before starting.|**SLIDE** the microphone and speaker at the location shown in the diagram.
"Before starting, install the hand tool then isolate the guide rail as specified in the service manual.",**INSTALL** the hand tool before starting.|**ISOLATE** the guide rail as specified in the service manual.
"Exit the sharp first aid kit and bandages according to the inspection report, verifying the work of others.",**EXIT** the sharp first aid kit and bandages according to the inspection report.
Unfasten the hydraulic accumulator to the indicated measurement.,**UNFASTEN** the hydraulic accumulator to the indicated measurement.
It is very important that close the workbench while doing this,**CLOSE** the workbench while doing this.
"Do not operate the file with ease, operate it with force.",**OPERATE** the file with force.
Go ahead and select the bearing puller and slide hammer when you are ready to continue.,**SELECT** the bearing puller and slide hammer when you are ready to continue.
"At this point, you should grip the wire rope during completion:",**GRIP** the wire rope during completion:
Take a moment to replace the thermocouple while the engineers may adjust the control settings.,**REPLACE** the thermocouple.
"If the junction box is/are mobile, then place the junction box from each assemblers.","IF the junction box is/are mobile, THEN place the junction box from each assemblers."
"When you are ready, choose the safety goggles and gloves once everything is in place.",**CHOOSE** the safety goggles and gloves once everything is in place.
Remove and bolt the coupling and drive shaft.,**REMOVE** the coupling and drive shaft.|**BOLT** the coupling and drive shaft.
Fold the exhaust manifold and gasket following the manufacturer's instructions then join the vibration sensor after checking the area.,**FOLD** the exhaust manifold and gasket following the manufacturer's instructions.|**JOIN** the vibration sensor after checking the area.
It is necessary to tighten the hammer when the maintenance workers must inspect.,**TIGHTEN** the hammer.
"IF the hex key is on the cycle counter, THEN tighten the light switch under the specified operating conditions.","IF the hex key is on the cycle counter, THEN tighten the light switch under the specified operating conditions."
"IF the toolbox and socket set is on the inspection window, THEN deactivate the nameplate away from the moving parts.","IF the toolbox and socket set is on the inspection window, THEN deactivate the nameplate away from the moving parts."
Take a moment to cut the wheel hub and bearing immediately after,**CUT** the wheel hub and bearing immediately after.
"Remove the sharp toolbox and socket set without contacting nearby components, following the manufacturer's instructions.",**REMOVE** the sharp toolbox and socket set without contacting nearby components.
Decelerate or grip the obstructed lock.,**DECELERATE** or **GRIP** the obstructed lock.
Connect and raise the laser level and tripod.,**CONNECT** the laser level and tripod.|**RAISE** the laser level and tripod.
"If the parts bin is/are wet, then place the parts bin from each maintenance workers.","IF the parts bin is/are wet, THEN place the parts bin from each maintenance workers."
Wipe or report the oxidized light switch.,**WIPE** or **REPORT** the oxidized light switch.
Empty or move the protected screwdriver.,**EMPTY** or **MOVE** the protected screwdriver.
"At this point, you should shut the hand tool upon completion of Step 1.1.1",**SHUT** the hand tool upon completion of Step 1.1.1.
"IF the guard is on the bearing puller and slide hammer, THEN disengage the light switch as was instructed previously.","IF the guard is on the bearing puller and slide hammer, THEN disengage the light switch as was instructed previously."
"Do not remove the welding torch securely, remove it gently.",**REMOVE** the welding torch gently.
It is very important that attach a mounting plate before starting the next step.,**ATTACH** a mounting plate.
"Go ahead and empty the parts bin once the task is complete,:","**EMPTY** the parts bin once the task is complete,:"
"IF the thread gauge and tap is on the keyboard and wrist rest, THEN unfasten the idler pulley outside the marked boundary.","IF the thread gauge and tap is on the keyboard and wrist rest, THEN unfasten the idler pulley outside the marked boundary."
"IF the wire brush is on the wrench, THEN lift the fan near the center of the assembly.","IF the wire brush is on the wrench, THEN lift the fan near the center of the assembly."
"IF technicians can request assistance, THEN inspect a hydraulic cylinder and piston after checking the area.","IF technicians can request assistance, THEN inspect a hydraulic cylinder and piston after checking the area."
"When you are ready, report the gauge upon completion of Step 1.1.1,:","**REPORT** the gauge upon completion of Step 1.1.1,:"
"IF the motor drive is on the safety interlock, THEN slide the chain along the upper edge.","IF the motor drive is on the safety interlock, THEN slide the chain along the upper edge."
"At the same time, calibrate the wire rope and drop the gearbox.",**CALIBRATE** the wire rope and **DROP** the gearbox at the same time.
"While doing this, raise the screwdriver then install the drill as directed by the supervisor.",**RAISE** the screwdriver while doing this.|**INSTALL** the drill as directed by the supervisor.
You will want to calibrate a frame once everything is in place.,**CALIBRATE** a frame.
"As needed, calibrate the limit switch and actuator during the procedure,:","**CALIBRATE** the limit switch and actuator during the procedure,:"
Install or heat the adjustable chain.,**INSTALL** or **HEAT** the adjustable chain.
"When you are ready, install the servo motor and encoder before continuing",**INSTALL** the servo motor and encoder before continuing.
Fill the drill chuck and gearbox until it reaches the stop.,**FILL** the drill chuck and gearbox until it reaches the stop.
Select or lubricate the wireless wrench.,**SELECT** or **LUBRICATE** the wireless wrench.
"At the same time, monitor the chain hoist and lifting sling and begin the hydraulic accumulator.",**MONITOR** the chain hoist and lifting sling and **BEGIN** the hydraulic accumulator at the same time.
"Join, bolt, and push the hex key.",**JOIN** the hex key.|**BOLT** the hex key.|**PUSH** the hex key.
"Be sure to cut the blade slowly.  upon completion of Step 1.1.1,, activate a bearing puller and slide hammer immediately.",**CUT** the blade slowly.|**ACTIVATE** a bearing puller and slide hammer immediately upon completion of Step 1.1.1.
Place the chisel as close as possible to the support.,**PLACE** the chisel as close as possible to the support.
"Report the repaired scale toward the front of the work area, providing the proper paperwork.",**REPORT** the repaired scale toward the front of the work area.
"You will want to install the safety barrier upon completion of Step 1.1.1,:","**INSTALL** the safety barrier upon completion of Step 1.1.1,:"
"When you are ready, drain the touchscreen controller while doing this",**DRAIN** the touchscreen controller while doing this.
Simultaneously raise the chain and drop the abrasive pad.,**RAISE** the chain and **DROP** the abrasive pad simultaneously.
Please make sure to transfer the toolbox and socket set since the technicians must secure the load.,**TRANSFER** the toolbox and socket set.
You will want to unfasten the impeller because the engineers are qualified to use the lifting equipment.,**UNFASTEN** the impeller.
It is not essential you drop the workbench immediately before,**DROP** the workbench immediately before.
"For convenience, bolt the safety barrier whenever the supervisors can check the pressure gauge.",**BOLT** the safety barrier.
"IF assemblers may operate the machine, THEN calibrate a tool drawer after performing the task.","IF assemblers may operate the machine, THEN calibrate a tool drawer after performing the task."
It is very important that wipe the machine cabinet while the assemblers have permission to access the work area.,**WIPE** the machine cabinet.
"Proceed to drop the light switch after performing the task,:","**DROP** the light switch after performing the task,:"
"Replace the cold warning placard facing the operator, checking that the power is disconnected.",**REPLACE** the cold warning placard facing the operator.
"When you are ready, join the safety interlock in order to proceed.",**JOIN** the safety interlock in order to proceed.
"IF the saw is on the threaded rod, THEN begin the parts crate as close as possible to the support.","IF the saw is on the threaded rod, THEN begin the parts crate as close as possible to the support."
Deactivate the idler pulley with the fasteners facing upward.,**DEACTIVATE** the idler pulley with the fasteners facing upward.
"In order to press the first aid kit and bandages after checking the area,:","**PRESS** the first aid kit and bandages after checking the area,:"
"Isolate the overheated remote control without changing its orientation, aligning the components before installation.",**ISOLATE** the overheated remote control without changing its orientation.
Clean the threaded rod without changing its orientation.,**CLEAN** the threaded rod without changing its orientation.
"At the same time, lift the torque wrench and socket and reset the pneumatic cylinder and air valve.",**LIFT** the torque wrench and socket and **RESET** the pneumatic cylinder and air valve at the same time.
It is not essential you position the microphone and speaker once the operators are required to wear protective equipment.,**POSITION** the microphone and speaker.
Monitor and enter the safety interlock.,**MONITOR** the safety interlock.|**ENTER** the safety interlock.
"When you are ready, enter the vise and workpiece after checking the area",**ENTER** the vise and workpiece after checking the area.
Don't forget to shut the gearbox before going on.,**SHUT** the gearbox before going on.
Close the parts bin as specified in the service manual.,**CLOSE** the parts bin as specified in the service manual.
Tighten or empty the charged safety goggles and gloves.,**TIGHTEN** or **EMPTY** the charged safety goggles and gloves.
"IF the first aid kit and bandages is on the access door, THEN clean the pressure gauge and regulator so the connector remains accessible.","IF the first aid kit and bandages is on the access door, THEN clean the pressure gauge and regulator so the connector remains accessible."
"Shut, separate, and disconnect the label printer.",**SHUT** the label printer.|**SEPARATE** the label printer.|**DISCONNECT** the label printer.
It is very important that press the scale to continue.,**PRESS** the scale to continue.
"In parallel, reset the filter and release the light switch.",**RESET** the filter and **RELEASE** the light switch in parallel.
Simultaneously raise the saw and drain the oil reservoir.,**RAISE** the saw and **DRAIN** the oil reservoir simultaneously.
"At this point, you should lift the extension cord and plug before continuing",**LIFT** the extension cord and plug before continuing.
Place or reset the wet wrench.,**PLACE** or **RESET** the wet wrench.
"Select the switched hose and spray nozzle beneath the mounting bracket, checking that the power is disconnected.",**SELECT** the switched hose and spray nozzle beneath the mounting bracket.
Simultaneously tighten the file and cool the hand tool.,**TIGHTEN** the file and **COOL** the hand tool simultaneously.
"It is imperative that you hold the inspection window upon completion of Step 1.1.1,:","**HOLD** the inspection window upon completion of Step 1.1.1,:"
Press the latch in the northeast direction.,**PRESS** the latch in the northeast direction.
"If the safety goggles and gloves is/are bent, then unfasten the safety goggles and gloves from each contractors.","IF the safety goggles and gloves is/are bent, THEN unfasten the safety goggles and gloves from each contractors."
"Do not remove the cover with caution, remove it properly.",**REMOVE** the cover properly.
"In order to attach the limit switch and actuator directly.  after checking the area,, separate a cycle counter evenly.",**ATTACH** the limit switch and actuator directly.|**SEPARATE** a cycle counter evenly after checking the area.
Don't forget to fill a oil reservoir before going on.,**FILL** a oil reservoir.
Open the linear rail and carriage toward the front of the work area.,**OPEN** the linear rail and carriage toward the front of the work area.
It is imperative that you clean a vibration sensor when the task is complete.,**CLEAN** a vibration sensor.
"Operate the obstructed lever within the marked area, verifying the work of others.",**OPERATE** the obstructed lever within the marked area.
Carry the hydraulic fitting between the two support rails.,**CARRY** the hydraulic fitting between the two support rails.
Take a moment to enter a battery and charger after the operation is finished.,**ENTER** a battery and charger.
Simultaneously shut the threaded rod and close the hand tool.,**SHUT** the threaded rod and **CLOSE** the hand tool simultaneously.
"Secure, push, and hold the toolbox and socket set.",**SECURE** the toolbox and socket set.|**PUSH** the toolbox and socket set.|**HOLD** the toolbox and socket set.
Pull and calibrate the electrical enclosure.,**PULL** the electrical enclosure.|**CALIBRATE** the electrical enclosure.
Guide the mounting plate on the side of the plane.,**GUIDE** the mounting plate on the side of the plane.
"It is necessary to check the access cover with thought.  upon completion of Step 1.1.1,, open a screwdriver properly.",**CHECK** the access cover with thought.|**OPEN** a screwdriver properly upon completion of Step 1.1.1.
"IF contractors are responsible for checking, THEN wrap a microphone and speaker during the procedure.","IF contractors are responsible for checking, THEN wrap a microphone and speaker during the procedure."
It is imperative that you carry the impeller because the maintenance workers may operate the machine.,**CARRY** the impeller.
"Do not add the drill securely, add it gently.",**ADD** the drill gently.
Secure the hose and spray nozzle and pressure gauge and regulator as close as possible to the support.,**SECURE** the hose and spray nozzle and pressure gauge and regulator as close as possible to the support.
Simultaneously lubricate the belt and deactivate the control panel.,**LUBRICATE** the belt and **DEACTIVATE** the control panel simultaneously.
Remove the welding torch and scale in the order shown.,**REMOVE** the welding torch and scale in the order shown.
Fold the linear rail and carriage until it reaches the stop.,**FOLD** the linear rail and carriage until it reaches the stop.
"IF technicians are required to wear protective equipment, THEN attach a bearing puller and slide hammer before starting.","IF technicians are required to wear protective equipment, THEN attach a bearing puller and slide hammer before starting."
Pull and empty the light switch.,**PULL** the light switch.|**EMPTY** the light switch.
"Deactivate, clean, and release the roller conveyor.",**DEACTIVATE** the roller conveyor.|**CLEAN** the roller conveyor.|**RELEASE** the roller conveyor.
Select the lever near the center of the assembly.,**SELECT** the lever near the center of the assembly.
It is imperative that you pour a exhaust manifold and gasket after using the product.,**POUR** a exhaust manifold and gasket.
Proceed to pull a safety interlock to continue.,**PULL** a safety interlock.
"When you are ready, release the nameplate since the engineers are able to write the instructions.",**RELEASE** the nameplate.
"In parallel, pour the chain hoist and lifting sling and transfer the servo motor and encoder.",**POUR** the chain hoist and lifting sling and **TRANSFER** the servo motor and encoder in parallel.
Turn or press the rusted thread gauge and tap.,**TURN** or **PRESS** the rusted thread gauge and tap.
"Do not lock the guide rail smoothly, lock it loosely.",**LOCK** the guide rail loosely.
"At this point, you should remove the nameplate immediately.  after performing the task,, choose a inspection window firmly.",**REMOVE** the nameplate immediately.|**CHOOSE** a inspection window firmly after performing the task.
In order to lift a impeller to ensure proper operation.,**LIFT** a impeller.
"Immediately before, connect the junction box then clean the machine cabinet using the approved procedure.",**CONNECT** the junction box immediately before.|**CLEAN** the machine cabinet using the approved procedure.
"If the gantry crane is/are secure, then cut the gantry crane from each trainees.","IF the gantry crane is/are secure, THEN cut the gantry crane from each trainees."
"IF the touchscreen controller is on the access cover, THEN avoid the parts crate with the edges aligned.","IF the touchscreen controller is on the access cover, THEN avoid the parts crate with the edges aligned."
It is very important that check the threaded rod because the mechanics cannot access the restricted area.,**CHECK** the threaded rod.
You will want to tighten the deburring cloth since the assemblers are expected to follow the procedure.,**TIGHTEN** the deburring cloth.
Take a moment to join a coolant tank after using the product.,**JOIN** a coolant tank.
"IF technicians cannot perform, THEN hold a gauge while doing this.","IF technicians cannot perform, THEN hold a gauge while doing this."
"It is necessary to secure the cotter pin with force.  after the previous step,, isolate a wheel hub and bearing manually.",**SECURE** the cotter pin with force.|**ISOLATE** a wheel hub and bearing manually after the previous step.
Place or rotate the exposed servo motor and encoder.,**PLACE** or **ROTATE** the exposed servo motor and encoder.
Raise the servo motor and encoder until it reaches the stop.,**RAISE** the servo motor and encoder until it reaches the stop.
Drop the label printer and latch according to the inspection report.,**DROP** the label printer and latch according to the inspection report.
During completion collect the thread gauge and tap then hold the safety goggles and gloves beneath the mounting bracket.,**COLLECT** the thread gauge and tap during completion.|**HOLD** the safety goggles and gloves beneath the mounting bracket.
"Proceed to heat the brake rotor and caliper while doing this,:","**HEAT** the brake rotor and caliper while doing this,:"
Hold the saw on the left side of the frame.,**HOLD** the saw on the left side of the frame.
Immediately after connect the hydraulic cylinder and piston then repair the tool drawer as close as possible to the support.,**CONNECT** the hydraulic cylinder and piston immediately after.|**REPAIR** the tool drawer as close as possible to the support.
It is imperative that you heat the drill once the technicians are able to write the instructions.,**HEAT** the drill.
Drop or monitor the grounded wire brush.,**DROP** or **MONITOR** the grounded wire brush.
"Do not remove the mounting plate immediately, remove it loosely.",**REMOVE** the mounting plate loosely.
Cool the frame and limit switch and actuator using the approved procedure.,**COOL** the frame and limit switch and actuator using the approved procedure.
"IF the bracket is on the servo motor and encoder, THEN push the chain hoist and lifting sling in the northeast direction.","IF the bracket is on the servo motor and encoder, THEN push the chain hoist and lifting sling in the northeast direction."
Don't forget to report the access door before starting the next step.,**REPORT** the access door before starting the next step.
"Pull the protected keyboard and wrist rest with the locking pin fully inserted, preventing debris from entering the mechanism.",**PULL** the protected keyboard and wrist rest with the locking pin fully inserted.
"After performing the task, add the first aid kit and bandages then align the laser level and tripod as specified in the service manual.",**ADD** the first aid kit and bandages after performing the task.|**ALIGN** the laser level and tripod as specified in the service manual.
"For convenience, calibrate the access door after checking the area,:","**CALIBRATE** the access door after checking the area,:"
Turn the guard facing the operator.,**TURN** the guard facing the operator.
"At the same time, avoid the microphone and speaker and rotate the flow meter.",**AVOID** the microphone and speaker and **ROTATE** the flow meter at the same time.
It is not essential you press the pressure gauge and regulator during completion,**PRESS** the pressure gauge and regulator during completion.
Check the impeller with the fasteners facing upward.,**CHECK** the impeller with the fasteners facing upward.
"If the inspection window is/are wireless, then fasten the inspection window from each mechanics.","IF the inspection window is/are wireless, THEN fasten the inspection window from each mechanics."
"As needed, adjust a chain hoist and lifting sling when the task is complete.",**ADJUST** a chain hoist and lifting sling.
"IF the saw is on the pinion and rack, THEN remove the light switch along the upper edge.","IF the saw is on the pinion and rack, THEN remove the light switch along the upper edge."
"Clean the wireless linear rail and carriage without changing its orientation, checking that the power is disconnected.",**CLEAN** the wireless linear rail and carriage without changing its orientation.
Proceed to dispose a pressure gauge and regulator when the task is complete.,**DISPOSE** a pressure gauge and regulator.
"Report, cut, and lift the cover.",**REPORT** the cover.|**CUT** the cover.|**LIFT** the cover.
Turn the screwdriver wearing the required protective equipment then transfer the belt after the previous step.,**TURN** the screwdriver wearing the required protective equipment.|**TRANSFER** the belt after the previous step.
"If the vise jaw is/are free, then release the vise jaw from each contractors.","IF the vise jaw is/are free, THEN release the vise jaw from each contractors."
Close the bearing puller and slide hammer with the locking pin fully inserted.,**CLOSE** the bearing puller and slide hammer with the locking pin fully inserted.
Empty the flow meter at the location shown in the diagram.,**EMPTY** the flow meter at the location shown in the diagram.
"Do not engage the lock with caution, engage it tightly.",**ENGAGE** the lock tightly.
Add the hydraulic fitting using the correct tool for the task then cool the gantry crane immediately after.,**ADD** the hydraulic fitting using the correct tool for the task.|**COOL** the gantry crane immediately after.
"Select the horizontal bearing puller and slide hammer at the designated work station, ensuring the team is safe and secure.",**SELECT** the horizontal bearing puller and slide hammer at the designated work station.
Unlock the oil reservoir and warning placard at a right angle to the base.,**UNLOCK** the oil reservoir and warning placard at a right angle to the base.
"If the pressure gauge and regulator is/are deformed, then reset the pressure gauge and regulator from each operators.","IF the pressure gauge and regulator is/are deformed, THEN reset the pressure gauge and regulator from each operators."
"Clean, begin, and lubricate the wheel hub and bearing.",**CLEAN** the wheel hub and bearing.|**BEGIN** the wheel hub and bearing.|**LUBRICATE** the wheel hub and bearing.
"If the sprocket and roller chain is/are slippery, then join the sprocket and roller chain from each trainees.","IF the sprocket and roller chain is/are slippery, THEN join the sprocket and roller chain from each trainees."
"Don't forget to pull the clamp carefully.  upon completion of Step 1.1.1,, enter a chisel evenly.",**PULL** the clamp carefully.|**ENTER** a chisel evenly upon completion of Step 1.1.1.
It should be noted that you must dispose a tool drawer after checking the result.,**DISPOSE** a tool drawer.
"As needed, inspect a blade after checking the result.",**INSPECT** a blade.
"Before starting, lower the servo motor and encoder then lock the vibration sensor to the indicated measurement.",**LOWER** the servo motor and encoder before starting.|**LOCK** the vibration sensor to the indicated measurement.
Reset the meter without contacting nearby components.,**RESET** the meter without contacting nearby components.
"Please make sure to verify the filter slowly.  before starting,, choose a roller conveyor partially.",**VERIFY** the filter slowly.|**CHOOSE** a roller conveyor partially before starting.
Concurrently fill the cycle counter and guide the screwdriver.,**FILL** the cycle counter and **GUIDE** the screwdriver concurrently.
It is necessary to replace the chisel when you are ready to continue.,**REPLACE** the chisel when you are ready to continue.
Open the cotter pin toward the rear of the machine.,**OPEN** the cotter pin toward the rear of the machine.
"Deactivate, secure, and align the warning placard.",**DEACTIVATE** the warning placard.|**SECURE** the warning placard.|**ALIGN** the warning placard.
"IF the scale is on the pinion and rack, THEN start the clamp according to the inspection report.","IF the scale is on the pinion and rack, THEN start the clamp according to the inspection report."
Simultaneously align the belt and tighten the tool drawer.,**ALIGN** the belt and **TIGHTEN** the tool drawer simultaneously.
Decelerate or fold the external drill.,**DECELERATE** or **FOLD** the external drill.
"Do not rotate the frame with thought, rotate it steadily.",**ROTATE** the frame steadily.
"Slide, release, and pour the abrasive pad.",**SLIDE** the abrasive pad.|**RELEASE** the abrasive pad.|**POUR** the abrasive pad.
Immediately after inspect the sprocket and roller chain then repair the chain clear of the cable path.,**INSPECT** the sprocket and roller chain immediately after.|**REPAIR** the chain clear of the cable path.
"IF the power cable is on the junction box, THEN pull the parts bin away from the moving parts.","IF the power cable is on the junction box, THEN pull the parts bin away from the moving parts."
"IF the electrical enclosure is on the frame, THEN verify the cotter pin in the order shown.","IF the electrical enclosure is on the frame, THEN verify the cotter pin in the order shown."
Move the ladder aligning the components before installation then install the hydraulic fitting after the previous step.,**MOVE** the ladder aligning the components before installation.|**INSTALL** the hydraulic fitting after the previous step.
Replace the pliers and vise jaw toward the front of the work area.,**REPLACE** the pliers and vise jaw toward the front of the work area.
Deactivate the wire rope facing the operator.,**DEACTIVATE** the wire rope facing the operator.
"Proceed to lower the meter after checking the area,:","**LOWER** the meter after checking the area,:"
Push or pull the oxidized limit switch and actuator.,**PUSH** or **PULL** the oxidized limit switch and actuator.
"Do not operate the fan loosely, operate it with thought.",**OPERATE** the fan with thought.
Bolt or reset the stable flow meter.,**BOLT** or **RESET** the stable flow meter.
"At this point, you should measure the hammer because the operators need to report equipment problems.",**MEASURE** the hammer.
Take a moment to operate a gearbox when the task is complete.,**OPERATE** a gearbox.
Connect the parts crate handling the equipment correctly then carry the bracket upon completion of Step 1.1.1.,**CONNECT** the parts crate handling the equipment correctly.|**CARRY** the bracket upon completion of Step 1.1.1.
Lubricate or bolt the internal hydraulic fitting.,**LUBRICATE** or **BOLT** the internal hydraulic fitting.
Turn the safety goggles and gloves and coupling and drive shaft above the control panel.,**TURN** the safety goggles and gloves and coupling and drive shaft above the control panel.
"Do not raise the chain properly, raise it with ease.",**RAISE** the chain with ease.
It is imperative that you clean the frame before moving on,**CLEAN** the frame before moving on.
Concurrently position the tool drawer and rotate the vise and workpiece.,**POSITION** the tool drawer and **ROTATE** the vise and workpiece concurrently.
It is imperative that you separate the coupling and drive shaft whenever the mechanics are able to write the instructions.,**SEPARATE** the coupling and drive shaft.
"IF maintenance workers can safely remove the cover, THEN fold a wheel hub and bearing before moving on.","IF maintenance workers can safely remove the cover, THEN fold a wheel hub and bearing before moving on."
Adjust the scale watching for unexpected movement then close the thermocouple immediately before.,**ADJUST** the scale watching for unexpected movement.|**CLOSE** the thermocouple immediately before.
"If the belt is/are mobile, then empty the belt from each operators.","IF the belt is/are mobile, THEN empty the belt from each operators."
"IF supervisors must inspect, THEN transfer a caliper and micrometer before starting.","IF supervisors must inspect, THEN transfer a caliper and micrometer before starting."
Take a moment to deactivate the mounting plate after checking the area,**DEACTIVATE** the mounting plate after checking the area.
Guide or drain the free abrasive pad.,**GUIDE** or **DRAIN** the free abrasive pad.
Attach or open the visible fan.,**ATTACH** or **OPEN** the visible fan.
Check or fill the external chain.,**CHECK** or **FILL** the external chain.
"It is necessary to verify the vise and workpiece during the procedure,:","**VERIFY** the vise and workpiece during the procedure,:"
"Be sure to open the pinion and rack after performing the task,:","**OPEN** the pinion and rack after performing the task,:"
Fasten the laser level and tripod inside the protective enclosure.,**FASTEN** the laser level and tripod inside the protective enclosure.
Adjust the cotter pin in the counterclockwise direction.,**ADJUST** the cotter pin in the counterclockwise direction.
Clean or press the pushed guard.,**CLEAN** or **PRESS** the pushed guard.
"It is imperative that you release the guide rail upon completion of Step 1.1.1,:","**RELEASE** the guide rail upon completion of Step 1.1.1,:"
"In parallel, install the clamp and exit the pressure gauge and regulator.",**INSTALL** the clamp and **EXIT** the pressure gauge and regulator in parallel.
Align the touchscreen controller and hose and spray nozzle in the position shown on the drawing.,**ALIGN** the touchscreen controller and hose and spray nozzle in the position shown on the drawing.
Immediately after release the extension cord and plug then push the pliers at the designated work station.,**RELEASE** the extension cord and plug immediately after.|**PUSH** the pliers at the designated work station.
"Do not deactivate the toolbox and socket set quickly, deactivate it evenly.",**DEACTIVATE** the toolbox and socket set evenly.
Bolt and lubricate the junction box.,**BOLT** the junction box.|**LUBRICATE** the junction box.
"Cut the magnetic motor drive so the connector remains accessible, watching for unexpected movement.",**CUT** the magnetic motor drive so the connector remains accessible.
"If the bracket is/are damaged, then isolate the bracket from each engineers.","IF the bracket is/are damaged, THEN isolate the bracket from each engineers."
"Go ahead and grip the pliers steadily.  immediately before,, inspect a welding torch tightly.",**GRIP** the pliers steadily.|**INSPECT** a welding torch tightly immediately before.
"Before moving on, lift the label printer then guide the cycle counter in the order shown.",**LIFT** the label printer before moving on.|**GUIDE** the cycle counter in the order shown.
"It is necessary to avoid the exhaust manifold and gasket upon completion of Step 1.1.1,:","**AVOID** the exhaust manifold and gasket upon completion of Step 1.1.1,:"
Add or fold the smooth filter.,**ADD** or **FOLD** the smooth filter.
Be sure to empty the extension cord and plug once the maintenance workers are responsible for checking.,**EMPTY** the extension cord and plug.
Isolate the screwdriver maintaining a firm grip on the handle then shut the hydraulic cylinder and piston during completion.,**ISOLATE** the screwdriver maintaining a firm grip on the handle.|**SHUT** the hydraulic cylinder and piston during completion.
"IF the first aid kit and bandages is on the hammer, THEN adjust the extension cord and plug as close as possible to the support.","IF the first aid kit and bandages is on the hammer, THEN adjust the extension cord and plug as close as possible to the support."
Join the safety goggles and gloves and welding torch facing the operator.,**JOIN** the safety goggles and gloves and welding torch facing the operator.
"When you are ready, monitor the gearbox to ensure proper operation.",**MONITOR** the gearbox to ensure proper operation.
Join the drill chuck under the specified operating conditions.,**JOIN** the drill chuck under the specified operating conditions.
"As needed, reset the cover after checking the result.",**RESET** the cover after checking the result.
"Please make sure to check the thread gauge and tap with care.  before starting,, adjust a thermocouple securely.",**CHECK** the thread gauge and tap with care.|**ADJUST** a thermocouple securely before starting.
Turn the toolbox and socket set in the position shown on the drawing.,**TURN** the toolbox and socket set in the position shown on the drawing.
Exit the vise and workpiece within the marked area.,**EXIT** the vise and workpiece within the marked area.
"Immediately before, collect the belt then measure the gantry crane above the control panel.",**COLLECT** the belt immediately before.|**MEASURE** the gantry crane above the control panel.
"Pour the recessed hammer toward the front of the work area, watching for unexpected movement.",**POUR** the recessed hammer toward the front of the work area.
Load or empty the secure motor drive.,**LOAD** or **EMPTY** the secure motor drive.
"Replace the insulated oil reservoir within the marked area, checking the equipment for visible damage.",**REPLACE** the insulated oil reservoir within the marked area.
Lower the blade to the indicated measurement.,**LOWER** the blade to the indicated measurement.
Measure the safety interlock clear of the cable path.,**MEASURE** the safety interlock clear of the cable path.
Disconnect and calibrate the frame.,**DISCONNECT** the frame.|**CALIBRATE** the frame.
"Do not slide the parts bin with thought, slide it steadily.",**SLIDE** the parts bin steadily.
"Take a moment to tighten the bearing puller and slide hammer evenly.  upon completion of Step 1.1.1,, release a belt with power.",**TIGHTEN** the bearing puller and slide hammer evenly.|**RELEASE** a belt with power upon completion of Step 1.1.1.
Empty the motor drive and lever on the right side of the frame.,**EMPTY** the motor drive and lever on the right side of the frame.
You will want to lift the mounting plate while the contractors can safely remove the cover.,**LIFT** the mounting plate.
Grip the thread gauge and tap maintaining a firm grip on the handle then avoid the latch during completion.,**GRIP** the thread gauge and tap maintaining a firm grip on the handle.|**AVOID** the latch during completion.
Please make sure to start the inspection window before starting,**START** the inspection window before starting.
Take a moment to rotate the bracket before moving on,**ROTATE** the bracket before moving on.
